Genere,Categoria,Nome,Prezzo_effettivo,Prezzo_originario,Colore,Taglia
Donna,Ballerine,Ballerina A706 Nero,89.9,89.9,['Nero'],"[35.0, 36.0, 37.0, 38.0, 39.0, 40.0, 41.0, 42.0]"
Donna,Ballerine,Ballerina A707 Carta da Zucchero,89.9,89.9,"['Celeste', 'T.Moro', 'Nero']","[35.0, 36.0, 37.0, 38.0, 39.0, 40.0, 41.0, 42.0]"
Donna,Ballerine,Ballerina A707 Suede Testa di Moro,89.9,89.9,"['T.Moro', 'Celeste', 'Nero']","[35.0, 36.0, 37.0, 38.0, 39.0, 40.0, 41.0, 42.0]"
Donna,Ballerine,Ballerina A707 Nero,89.9,89.9,"['Nero', 'Celeste', 'T.Moro']","[35.0, 36.0, 37.0, 38.0, 39.0, 40.0, 41.0, 42.0]"
Donna,Ballerine,Ballerina A708 Nero,89.9,89.9,"['Nero', 'Beige']","[35.0, 36.0, 37.0, 38.0, 39.0, 40.0, 41.0, 42.0]"
Donna,Ballerine,Ballerina Mocassino D890 Suede Cuoio,63.9,79.9,"['Cuoio', 'Nero']","[35.0, 36.0, 37.0, 38.0, 39.0, 40.0, 41.0, 42.0]"
Donna,Ballerine,Ballerina Mocassino D890 Nero,63.9,79.9,"['Nero', 'Cuoio']","[35.0, 36.0, 37.0, 38.0, 39.0, 40.0, 41.0, 42.0]"
Donna,Ballerine,Ballerina A708 Beige,89.9,89.9,"['Beige', 'Nero']","[35.0, 36.0, 37.0, 38.0, 39.0, 40.0, 41.0, 42.0]"
Donna,Ballerine,Ballerina con Strass D882 Suede Nero,63.9,79.9,"['Nero', 'Cuoio']","[35.0, 36.0, 37.0, 38.0, 39.0, 40.0, 41.0, 42.0]"
Donna,Ballerine,Ballerina con Strass D882 Suede Cuoio,63.9,79.9,"['Cuoio', 'Nero']","[35.0, 36.0, 37.0, 38.0, 39.0, 40.0, 41.0, 42.0]"
Donna,Ballerine,Ballerina A885 Nude Nero,55.9,79.9,"['Nude', 'Nero']","[35.0, 36.0, 37.0, 38.0, 39.0, 40.0, 41.0, 42.0]"
Donna,Ballerine,Ballerina A885 Vernice Nero,55.9,79.9,"['Nero', 'Nude']","[35.0, 36.0, 37.0, 38.0, 39.0, 40.0, 41.0, 42.0]"
Donna,Ballerine,Ballerina Friulana A829 Nero,48.9,69.9,"['Nero', 'Grigio', 'Giallo', 'Arancio', 'Corallo']","[35.0, 36.0, 37.0, 38.0, 39.0, 40.0, 41.0, 42.0]"
Donna,Ballerine,Ballerina Friulana A829 Grigio,48.9,69.9,"['Grigio', 'Nero', 'Giallo', 'Arancio', 'Corallo']","[35.0, 36.0, 37.0, 38.0, 39.0, 40.0, 41.0, 42.0]"
Donna,Ballerine,Ballerina Friulana A829 Giallo,48.9,69.9,"['Giallo', 'Nero', 'Grigio', 'Arancio', 'Corallo']","[35.0, 36.0, 37.0, 38.0, 39.0, 40.0, 41.0, 42.0]"
Donna,Ballerine,Ballerina Friulana A829 Arancione,48.9,69.9,"['Arancio', 'Nero', 'Grigio', 'Giallo', 'Corallo']","[35.0, 36.0, 37.0, 38.0, 39.0, 40.0, 41.0, 42.0]"
Donna,Ballerine,Ballerina Friulana A829 Corallo,48.9,69.9,"['Corallo', 'Nero', 'Grigio', 'Giallo', 'Arancio']","[35.0, 36.0, 37.0, 38.0, 39.0, 40.0, 41.0, 42.0]"
Donna,Ballerine,Ballerina A869 Nero,54.9,54.9,['Nero'],"[35.0, 36.0, 37.0, 38.0, 39.0, 40.0, 41.0, 42.0]"
Donna,Ballerine,Ballerina A887 Nero,55.9,79.9,['Nero'],"[35.0, 36.0, 37.0, 38.0, 39.0, 40.0, 41.0, 42.0]"
Donna,Ballerine,Ballerina A892 Cuoio,79.9,79.9,"['Cuoio', 'Nero', 'Verde']","[35.0, 36.0, 37.0, 38.0, 39.0, 40.0, 41.0, 42.0]"
Donna,Ballerine,Ballerina A892 Nero,79.9,79.9,"['Nero', 'Cuoio', 'Verde']","[35.0, 36.0, 37.0, 38.0, 39.0, 40.0, 41.0, 42.0]"
Donna,Ballerine,Ballerina A892 Salvia,79.9,79.9,"['Verde', 'Cuoio', 'Nero']","[35.0, 36.0, 37.0, 38.0, 39.0, 40.0, 41.0, 42.0]"
Donna,Ballerine,Ballerina A889 Nero,55.9,79.9,"['Nero', 'Platino']","[35.0, 36.0, 37.0, 38.0, 39.0, 40.0, 41.0, 42.0]"
Donna,Ballerine,Ballerina A889 Platino,55.9,79.9,"['Platino', 'Nero']","[35.0, 36.0, 37.0, 38.0, 39.0, 40.0, 41.0, 42.0]"
Donna,Ballerine,Ballerina A891 Rosso,62.9,89.9,"['Rosso', 'Cuoio']","[35.0, 36.0, 37.0, 38.0, 39.0, 40.0, 41.0, 42.0]"
Donna,Ballerine,Ballerina A891 Giallo,62.9,89.9,"['Cuoio', 'Rosso']","[35.0, 36.0, 37.0, 38.0, 39.0, 40.0, 41.0, 42.0]"
Donna,Ballerine,Ballerina A849 Rosa,59.9,59.9,"['Rosa', 'Rosso', 'Blu', 'Nero', 'Lilla']","[35.0, 36.0, 37.0, 38.0, 39.0, 40.0, 41.0, 42.0]"
Donna,Ballerine,Ballerina A849 Rosso,59.9,59.9,"['Rosso', 'Rosa', 'Blu', 'Nero', 'Lilla']","[35.0, 36.0, 37.0, 38.0, 39.0, 40.0, 41.0, 42.0]"
Donna,Ballerine,Ballerina A849 Blu,59.9,59.9,"['Blu', 'Rosa', 'Rosso', 'Nero', 'Lilla']","[35.0, 36.0, 37.0, 38.0, 39.0, 40.0, 41.0, 42.0]"
Donna,Ballerine,Ballerina A849 Nero,59.9,59.9,"['Nero', 'Rosa', 'Rosso', 'Blu', 'Lilla']","[35.0, 36.0, 37.0, 38.0, 39.0, 40.0, 41.0, 42.0]"
Donna,Ballerine,Ballerina A849 Lilla,59.9,59.9,"['Lilla', 'Rosa', 'Rosso', 'Blu', 'Nero']","[35.0, 36.0, 37.0, 38.0, 39.0, 40.0, 41.0, 42.0]"
Donna,Ballerine,Ballerina Sabot A886 Fuxia Rosa,55.9,79.9,"['Fuxia', 'Nero']","[35.0, 36.0, 37.0, 38.0, 39.0, 40.0, 41.0, 42.0]"
Donna,Ballerine,Ballerina Sabot A886 Nero,55.9,79.9,"['Nero', 'Fuxia']","[35.0, 36.0, 37.0, 38.0, 39.0, 40.0, 41.0, 42.0]"
Donna,Decollete_slingback,Sandalo con tacco A5737 Blu,94.9,94.9,"['Blu', 'Platino', 'Beige', 'Nero']","[34.0, 35.0, 36.0, 37.0, 38.0, 39.0, 40.0, 41.0, 42.0]"
Donna,Decollete_slingback,Sandalo con tacco A5737 Laminato Platino,94.9,94.9,"['Platino', 'Blu', 'Beige', 'Nero']","[35.0, 36.0, 37.0, 38.0, 39.0, 40.0, 41.0, 42.0]"
Donna,Decollete_slingback,Sandalo con tacco A5737 Beige,94.9,94.9,"['Beige', 'Blu', 'Platino', 'Nero']","[35.0, 36.0, 37.0, 38.0, 39.0, 40.0, 41.0, 42.0]"
Donna,Decollete_slingback,Sandalo con tacco A5737 Nero,94.9,94.9,"['Nero', 'Blu', 'Platino', 'Beige']","[35.0, 36.0, 37.0, 38.0, 39.0, 40.0, 41.0, 42.0]"
Donna,Decollete_slingback,Sandalo con tacco A5736 Cuoio,94.9,94.9,"['Cuoio', 'Nero', 'Verde']","[34.0, 35.0, 36.0, 37.0, 38.0, 39.0, 40.0, 41.0, 42.0]"
Donna,Decollete_slingback,Sandalo con tacco A5736 Nero,94.9,94.9,"['Nero', 'Cuoio', 'Verde']","[34.0, 35.0, 36.0, 37.0, 38.0, 39.0, 40.0, 41.0, 42.0]"
Donna,Decollete_slingback,Sandalo con tacco A5736 Salvia,94.9,94.9,"['Verde', 'Cuoio', 'Nero']","[34.0, 35.0, 36.0, 37.0, 38.0, 39.0, 40.0, 41.0]"
Donna,Decollete_slingback,Sandalo con tacco A6729 Nude,99.9,99.9,"['Multicolor', 'Giallo', 'Rosa', 'Nero']","[34.0, 35.0, 36.0, 37.0, 38.0, 39.0, 40.0, 41.0, 42.0]"
Donna,Decollete_slingback,Sandalo con tacco A6729 Giallo,99.9,99.9,"['Giallo', 'Multicolor', 'Rosa', 'Nero']","[34.0, 35.0, 36.0, 37.0, 38.0, 39.0, 40.0, 41.0, 42.0]"
Donna,Decollete_slingback,Sandalo con tacco A6729 Rosa,99.9,99.9,"['Rosa', 'Multicolor', 'Giallo', 'Nero']","[34.0, 35.0, 36.0, 37.0, 38.0, 39.0, 40.0, 41.0, 42.0]"
Donna,Decollete_slingback,Sandalo con tacco A6729 Nero,99.9,99.9,"['Nero', 'Multicolor', 'Giallo', 'Rosa']","[34.0, 35.0, 36.0, 37.0, 38.0, 39.0, 40.0, 41.0, 42.0]"
Donna,Decollete_slingback,Slingback con tacco A3683 Panna,94.9,94.9,"['Beige', 'Argento', 'Nero']","[35.0, 36.0, 37.0, 38.0, 39.0, 40.0, 41.0, 42.0]"
Donna,Decollete_slingback,Slingback con tacco A3683 Argento,94.9,94.9,"['Argento', 'Beige', 'Nero']","[35.0, 36.0, 37.0, 38.0, 39.0, 40.0, 41.0, 42.0]"
Donna,Decollete_slingback,Slingback con tacco A3683 Nero,94.9,94.9,"['Nero', 'Beige', 'Argento']","[35.0, 36.0, 37.0, 38.0, 39.0, 40.0, 41.0, 42.0]"
Donna,Decollete_slingback,Sandalo con tacco A6710 Giallo,99.9,99.9,['Giallo'],"[34.0, 35.0, 36.0, 37.0, 38.0, 39.0, 40.0, 41.0, 42.0]"
Donna,Decollete_slingback,Sandalo con tacco A6711 Fuxia,99.9,99.9,['Fuxia'],"[34.0, 35.0, 36.0, 37.0, 38.0, 39.0, 40.0, 41.0, 42.0]"
Donna,Decollete_slingback,Sandalo con tacco A6712 Nero Bianco,99.9,99.9,"['Bianco', 'Arancio']","[34.0, 35.0, 36.0, 37.0, 38.0, 39.0, 40.0, 41.0, 42.0]"
Donna,Decollete_slingback,Sandalo con tacco A6712 Arancio,99.9,99.9,"['Arancio', 'Bianco']","[34.0, 35.0, 36.0, 37.0, 38.0, 39.0, 40.0, 41.0, 42.0]"
Donna,Decollete_slingback,Sandalo con tacco A6713 Argento,99.9,99.9,"['Argento', 'Argento']","[34.0, 35.0, 36.0, 37.0, 38.0, 39.0, 40.0, 41.0, 42.0]"
Donna,Decollete_slingback,Sandalo con tacco A6713 Pitone Oro,99.9,99.9,"['Argento', 'Argento']","[34.0, 35.0, 36.0, 37.0, 38.0, 39.0, 40.0, 41.0, 42.0]"
Donna,Decollete_slingback,Sandalo con tacco A6725 Rame,99.9,99.9,"['Rame', 'Argento']","[34.0, 35.0, 36.0, 37.0, 38.0, 39.0, 40.0, 41.0, 42.0]"
Donna,Decollete_slingback,Sandalo con tacco A6725 Argento,99.9,99.9,"['Argento', 'Rame']","[34.0, 35.0, 36.0, 37.0, 38.0, 39.0, 40.0, 41.0, 42.0]"
Donna,Decollete_slingback,Sandalo con tacco A6726 Nero,99.9,99.9,"['Nero', 'Arancio', 'Fuxia', 'Platino']","[34.0, 35.0, 36.0, 37.0, 38.0, 39.0, 40.0, 41.0, 42.0]"
Donna,Decollete_slingback,Sandalo con tacco A6726 Suede Arancio,99.9,99.9,"['Arancio', 'Nero', 'Fuxia', 'Platino']","[34.0, 35.0, 36.0, 37.0, 38.0, 39.0, 40.0, 41.0, 42.0]"
Donna,Decollete_slingback,Sandalo con tacco A6726 Suede Fuxia,99.9,99.9,"['Fuxia', 'Nero', 'Arancio', 'Platino']","[34.0, 35.0, 36.0, 37.0, 38.0, 39.0, 40.0, 41.0, 42.0]"
Donna,Decollete_slingback,Sandalo con tacco A6726 Platino,99.9,99.9,"['Platino', 'Nero', 'Arancio', 'Fuxia']","[34.0, 35.0, 36.0, 37.0, 38.0, 39.0, 40.0, 41.0, 42.0]"
Donna,Decollete_slingback,Décollétè A6727 Vernice Bordeaux,99.9,99.9,"['Bordeaux', 'Rosa', 'Nero']","[34.0, 35.0, 36.0, 37.0, 38.0, 39.0, 40.0, 41.0, 42.0]"
Donna,Decollete_slingback,Décollétè D6727 Vernice Rosa,99.9,99.9,"['Rosa', 'Bordeaux', 'Nero']","[34.0, 35.0, 36.0, 37.0, 38.0, 39.0, 40.0, 41.0, 42.0]"
Donna,Decollete_slingback,Décollétè A6727 Vernice Nero,99.9,99.9,"['Nero', 'Bordeaux', 'Rosa']","[34.0, 35.0, 36.0, 37.0, 38.0, 39.0, 40.0, 41.0, 42.0]"
Donna,Decollete_slingback,Décollétè A6730 Cuoio,99.9,99.9,"['Cuoio', 'Nero', 'Nero', 'Viola']","[34.0, 35.0, 36.0, 37.0, 38.0, 39.0, 40.0, 41.0, 42.0]"
Donna,Decollete_slingback,Décollétè D6730 Vernice Nero,99.9,99.9,"['Nero', 'Cuoio', 'Nero', 'Viola']","[34.0, 35.0, 36.0, 37.0, 38.0, 39.0, 40.0, 41.0, 42.0]"
Donna,Decollete_slingback,Décollétè D6730 Nero,99.9,99.9,"['Nero', 'Cuoio', 'Nero', 'Viola']","[34.0, 35.0, 36.0, 37.0, 38.0, 39.0, 40.0, 41.0, 42.0]"
Donna,Decollete_slingback,Décollétè D6730 Suede Porpora,99.9,99.9,"['Viola', 'Cuoio', 'Nero', 'Nero']","[34.0, 35.0, 36.0, 37.0, 38.0, 39.0, 40.0, 41.0, 42.0]"
Donna,Decollete_slingback,Décollétè con cinturino D5719 Nabuck Nero,89.9,89.9,"['Nero', 'Nero', 'Cuoio']","[35.0, 36.0, 37.0, 38.0, 39.0, 40.0, 41.0, 42.0]"
Donna,Decollete_slingback,Décollétè con cinturino D5719 Vernice Nero,89.9,89.9,"['Nero', 'Nero', 'Cuoio']","[35.0, 36.0, 37.0, 38.0, 39.0, 40.0, 41.0, 42.0]"
Donna,Decollete_slingback,Décollétè con cinturino D5719 Cuoio,89.9,89.9,"['Cuoio', 'Nero', 'Nero']","[35.0, 36.0, 37.0, 38.0, 39.0, 40.0, 41.0, 42.0]"
Donna,Decollete_slingback,Décollétè A3650F Nero,79.9,79.9,['Nero'],"[34.0, 35.0, 36.0, 37.0, 38.0, 39.0, 40.0, 41.0]"
Donna,Decollete_slingback,Décolletè A3673 Nero,89.9,89.9,"['Nero', 'Rame']","[34.0, 35.0, 36.0, 37.0, 38.0, 39.0, 40.0, 41.0]"
Donna,Decollete_slingback,Décollétè A3650L Nero,79.9,79.9,"['Nero', 'Nude', 'Rosso', 'Oro']","[34.0, 35.0, 36.0, 37.0, 38.0, 39.0, 40.0, 41.0]"
Donna,Decollete_slingback,Décollétè A3650L Nude,79.9,79.9,"['Nude', 'Nero', 'Rosso', 'Oro']","[34.0, 35.0, 36.0, 37.0, 38.0, 39.0, 40.0, 41.0]"
Donna,Decollete_slingback,Décollétè A3650L Camoscio Rosso,79.9,79.9,"['Rosso', 'Nero', 'Nude', 'Oro']","[34.0, 35.0, 36.0, 37.0, 38.0, 39.0, 40.0, 41.0]"
Donna,Decollete_slingback,Décollétè A3650L Laminato Oro,79.9,79.9,"['Oro', 'Nero', 'Nude', 'Rosso']","[34.0, 35.0, 36.0, 37.0, 38.0, 39.0, 40.0, 41.0]"
Donna,Decollete_slingback,Décollétè A3673 Laminato Rame,89.9,89.9,"['Rame', 'Nero']","[35.0, 36.0, 37.0, 38.0, 39.0, 40.0, 41.0]"
Donna,Decollete_slingback,Décolletè A3649 Nero,47.9,59.9,"['Nero', 'Nude', 'Blu', 'Rosso', 'Argento']","[35.0, 36.0, 37.0, 38.0, 39.0, 40.0, 41.0, 42.0]"
Donna,Decollete_slingback,Décolletè A3649 Nude,47.9,59.9,"['Nude', 'Nero', 'Blu', 'Rosso', 'Argento']","[35.0, 36.0, 37.0, 38.0, 39.0, 40.0, 41.0, 42.0]"
Donna,Decollete_slingback,Décolletè A3649 Blu,47.9,59.9,"['Blu', 'Nero', 'Nude', 'Rosso', 'Argento']","[35.0, 36.0, 37.0, 38.0, 39.0, 40.0, 41.0, 42.0]"
Donna,Decollete_slingback,Décolletè A3649 Rosso,47.9,59.9,"['Rosso', 'Nero', 'Nude', 'Blu', 'Argento']","[35.0, 36.0, 37.0, 38.0, 39.0, 40.0, 41.0, 42.0]"
Donna,Decollete_slingback,Décolletè A3649 Laminato Argento,47.9,59.9,"['Argento', 'Nero', 'Nude', 'Blu', 'Rosso']","[35.0, 36.0, 37.0, 38.0, 39.0, 40.0, 41.0, 42.0]"
Donna,Decollete_slingback,Décollète A3681 Nude,79.9,79.9,['Nude'],"[35.0, 36.0, 37.0, 38.0, 39.0, 40.0, 41.0, 42.0]"
Donna,Decollete_slingback,Sandalo con tacco A3644 Nero,79.9,79.9,"['Nero', 'Cuoio', 'Blu', 'Rame', 'Rosa', 'Rosso', 'Argento']","[35.0, 36.0, 37.0, 38.0, 39.0, 40.0, 41.0, 42.0]"
Donna,Decollete_slingback,Sandalo con tacco A3644 Cuoio,79.9,79.9,"['Cuoio', 'Nero', 'Blu', 'Rame', 'Rosa', 'Rosso', 'Argento']","[35.0, 36.0, 37.0, 38.0, 39.0, 40.0, 41.0, 42.0]"
Donna,Decollete_slingback,Sandalo con tacco A3644 Blu,79.9,79.9,"['Blu', 'Nero', 'Cuoio', 'Rame', 'Rosa', 'Rosso', 'Argento']","[35.0, 36.0, 37.0, 38.0, 39.0, 40.0, 41.0, 42.0]"
Donna,Decollete_slingback,Sandalo con tacco A3644 Laminato Rame,79.9,79.9,"['Rame', 'Nero', 'Cuoio', 'Blu', 'Rosa', 'Rosso', 'Argento']","[35.0, 36.0, 37.0, 38.0, 39.0, 40.0, 41.0, 42.0]"
Donna,Decollete_slingback,Sandalo con tacco A3644 Rosa,79.9,79.9,"['Rosa', 'Nero', 'Cuoio', 'Blu', 'Rame', 'Rosso', 'Argento']","[35.0, 36.0, 37.0, 38.0, 39.0, 40.0, 41.0, 42.0]"
Donna,Decollete_slingback,Sandalo con tacco A3644 Rosso,79.9,79.9,"['Rosso', 'Nero', 'Cuoio', 'Blu', 'Rame', 'Rosa', 'Argento']","[35.0, 36.0, 37.0, 38.0, 39.0, 40.0, 41.0, 42.0]"
Donna,Decollete_slingback,Sandalo con tacco A3644 Laminato Argento,79.9,79.9,"['Argento', 'Nero', 'Cuoio', 'Blu', 'Rame', 'Rosa', 'Rosso']","[35.0, 36.0, 37.0, 38.0, 39.0, 40.0, 41.0, 42.0]"
Donna,Decollete_slingback,Sandalo con tacco A3680 Nero,79.9,99.9,"['Nero', 'Cipria']","[35.0, 36.0, 37.0, 38.0, 39.0, 40.0, 41.0, 42.0]"
Donna,Decollete_slingback,Sandalo con tacco A3680 Cipria,79.9,99.9,"['Cipria', 'Nero']","[35.0, 36.0, 37.0, 38.0, 39.0, 40.0, 41.0, 42.0]"
Donna,Decollete_slingback,Décolletè A3672 Nero,44.95,89.9,['Nero'],"[34.0, 35.0, 36.0, 37.0, 38.0, 39.0, 40.0, 41.0]"
Donna,Decollete_slingback,Décollétè A3671 Nero,42.45,84.9,['Nero'],"[34.0, 35.0, 36.0, 37.0, 38.0, 39.0, 40.0, 41.0]"
Donna,Decollete_slingback,Décollétè D5724 Camoscio Nero,50.9,84.9,"['Nero', 'Cuoio']","[35.0, 36.0, 37.0, 38.0, 39.0, 40.0, 41.0, 42.0]"
Donna,Decollete_slingback,Décollétè D5724 Camoscio Cuoio,50.9,84.9,"['Cuoio', 'Nero']","[35.0, 36.0, 37.0, 38.0, 39.0, 40.0, 41.0, 42.0]"
Donna,Decollete_slingback,Décollétè D5727 Bordeaux,37.45,74.9,"['Bordeaux', 'Cuoio', 'Nero']","[35.0, 36.0, 37.0, 38.0, 39.0, 40.0, 41.0, 42.0]"
Donna,Decollete_slingback,Décollétè D5727 Cuoio,37.45,74.9,"['Cuoio', 'Bordeaux', 'Nero']","[35.0, 36.0, 37.0, 38.0, 39.0, 40.0, 41.0, 42.0]"
Donna,Decollete_slingback,Décollétè D5727 Nero,37.45,74.9,"['Nero', 'Bordeaux', 'Cuoio']","[35.0, 36.0, 37.0, 38.0, 39.0, 40.0, 41.0, 42.0]"
Donna,Decollete_slingback,Décollétè D3666 Camoscio Rosso,44.9,74.9,['Rosso'],"[35.0, 36.0, 37.0, 38.0, 39.0, 40.0, 41.0, 42.0]"
Donna,Decollete_slingback,Décollétè D3669 Nero,39.95,79.9,['Nero'],"[35.0, 36.0, 37.0, 38.0, 39.0, 40.0, 41.0, 42.0]"
Donna,Decollete_slingback,Décollétè D3642 Nero,27.95,69.9,['Nero'],"[35.0, 36.0, 37.0, 38.0, 39.0, 40.0, 41.0, 42.0]"
Donna,Decollete_slingback,Décollétè D3645 Blu,35.9,59.9,"['Blu', 'Nero']","[35.0, 36.0, 37.0, 38.0, 39.0, 40.0, 41.0, 42.0]"
Donna,Decollete_slingback,Décollétè D3645 Nero,35.9,59.9,"['Nero', 'Blu']","[35.0, 36.0, 37.0, 38.0, 39.0, 40.0, 41.0, 42.0]"
Donna,Decollete_slingback,Décollétè D403 Suede Nero,33.95,84.9,"['Nero', 'Rosso']","[34.0, 35.0, 36.0, 37.0, 38.0, 39.0, 40.0, 41.0]"
Donna,Decollete_slingback,Décollétè D403 Suede Rosso,33.95,84.9,"['Rosso', 'Nero']","[34.0, 35.0, 36.0, 37.0, 38.0, 39.0, 40.0, 41.0]"
Donna,Sandali_zeppe,Sandalo Ciabatta A8342 Bianco,84.9,84.9,['Bianco'],"[35.0, 36.0, 37.0, 38.0, 39.0, 40.0, 41.0, 42.0, 43.0]"
Donna,Sandali_zeppe,Sandalo Ciabatta A8346 Bianco,64.9,64.9,"['Bianco', 'Nero', 'Oro']","[35.0, 36.0, 37.0, 38.0, 39.0, 40.0, 41.0, 42.0]"
Donna,Sandali_zeppe,Sandalo Ciabatta A8346 Laminato Nero,64.9,64.9,"['Nero', 'Bianco', 'Oro']","[35.0, 36.0, 37.0, 38.0, 39.0, 40.0, 41.0, 42.0]"
Donna,Sandali_zeppe,Sandalo Ciabatta A8346 Spazzolato Oro,64.9,64.9,"['Oro', 'Bianco', 'Nero']","[35.0, 36.0, 37.0, 38.0, 39.0, 40.0, 41.0, 42.0]"
Donna,Sandali_zeppe,Sandalo ciabatta A1008 Taupe,59.9,59.9,"['Beige', 'Rosa', 'Nero', 'Nude', 'Oro', 'Blu']","[35.0, 36.0, 37.0, 38.0, 39.0, 40.0, 41.0, 42.0]"
Donna,Sandali_zeppe,Sandalo ciabatta A1008 Rosa,59.9,59.9,"['Rosa', 'Beige', 'Nero', 'Nude', 'Oro', 'Blu']","[35.0, 36.0, 37.0, 38.0, 39.0, 40.0, 41.0, 42.0]"
Donna,Sandali_zeppe,Sandalo ciabatta A1008 Nero,59.9,59.9,"['Nero', 'Beige', 'Rosa', 'Nude', 'Oro', 'Blu']","[35.0, 36.0, 37.0, 38.0, 39.0, 40.0, 41.0, 42.0]"
Donna,Sandali_zeppe,Sandalo ciabatta A1008 Nude,59.9,59.9,"['Nude', 'Beige', 'Rosa', 'Nero', 'Oro', 'Blu']","[35.0, 36.0, 37.0, 38.0, 39.0, 40.0, 41.0, 42.0]"
Donna,Sandali_zeppe,Sandalo ciabatta A1008 Laminato Oro,59.9,59.9,"['Oro', 'Beige', 'Rosa', 'Nero', 'Nude', 'Blu']","[35.0, 36.0, 37.0, 38.0, 39.0, 40.0, 41.0, 42.0]"
Donna,Sandali_zeppe,Sandalo ciabatta A1008 Carta Zucchero,59.9,59.9,"['Blu', 'Beige', 'Rosa', 'Nero', 'Nude', 'Oro']","[35.0, 36.0, 37.0, 38.0, 39.0, 40.0, 41.0, 42.0]"
Donna,Sandali_zeppe,Sandalo con tacco A5740 Nero,99.9,99.9,"['Nero', 'Platino']","[35.0, 35.0, 36.0, 37.0, 38.0, 39.0, 40.0, 41.0]"
Donna,Sandali_zeppe,Sandalo con tacco A5740 Platino,99.9,99.9,"['Platino', 'Nero']","[35.0, 35.0, 36.0, 37.0, 38.0, 39.0, 40.0, 41.0]"
Donna,Sandali_zeppe,Sandalo con Strass A320 Bianco,74.9,74.9,"['Bianco', 'Rosa', 'Nero']","[35.0, 36.0, 37.0, 38.0, 39.0, 40.0, 41.0, 42.0, 43.0]"
Donna,Sandali_zeppe,Sandalo con Strass A320 Rosa,74.9,74.9,"['Rosa', 'Bianco', 'Nero']","[35.0, 36.0, 37.0, 38.0, 39.0, 40.0, 41.0, 42.0, 43.0]"
Donna,Sandali_zeppe,Sandalo con Strass A320 Nero,74.9,74.9,"['Nero', 'Bianco', 'Rosa']","[35.0, 36.0, 37.0, 38.0, 39.0, 40.0, 41.0, 42.0, 43.0]"
Donna,Sandali_zeppe,Sandalo con tacco A322 Nero,79.9,79.9,['Nero'],"[35.0, 36.0, 37.0, 38.0, 39.0, 40.0, 41.0]"
Donna,Sandali_zeppe,Sandalo con tacco A8062 Nero,84.9,84.9,"['Nero', 'Marrone']","[35.0, 36.0, 37.0, 38.0, 39.0, 40.0, 41.0]"
Donna,Sandali_zeppe,Sandalo con tacco A8062 Wafer,84.9,84.9,"['Marrone', 'Nero']","[35.0, 36.0, 37.0, 38.0, 39.0, 40.0, 41.0]"
Donna,Sandali_zeppe,Sandalo con tacco A8063 Antracite,84.9,84.9,"['Grigio', 'Marrone']","[35.0, 36.0, 37.0, 38.0, 39.0, 40.0, 41.0]"
Donna,Sandali_zeppe,Sandalo con tacco A8063 Testa di Moro,84.9,84.9,"['Marrone', 'Grigio']","[35.0, 36.0, 37.0, 38.0, 39.0, 40.0, 41.0]"
Donna,Sandali_zeppe,Sandalo A8341 Bianco Cuoio,84.9,84.9,"['Bianco', 'Bianco']","[35.0, 36.0, 37.0, 38.0, 39.0, 40.0, 41.0, 42.0]"
Donna,Sandali_zeppe,Sandalo A8341 Bianco Nero,84.9,84.9,"['Bianco', 'Bianco']","[35.0, 36.0, 37.0, 38.0, 39.0, 40.0, 41.0, 42.0]"
Donna,Sandali_zeppe,Sandalo Infradito A8343 Argento,84.9,84.9,"['Argento', 'Viola']","[35.0, 36.0, 37.0, 38.0, 39.0, 40.0, 41.0, 42.0, 43.0]"
Donna,Sandali_zeppe,Sandalo Infradito A8343 Salmone,84.9,84.9,"['Viola', 'Argento']","[35.0, 36.0, 37.0, 38.0, 39.0, 40.0, 41.0, 42.0, 43.0]"
Donna,Sandali_zeppe,Sandalo Ciabatta A8345 Nero,94.9,94.9,['Nero'],"[35.0, 36.0, 37.0, 38.0, 39.0, 40.0, 41.0, 42.0]"
Donna,Sandali_zeppe,Sandalo con tacco A6710 Giallo,99.9,99.9,['Giallo'],"[34.0, 35.0, 36.0, 37.0, 38.0, 39.0, 40.0, 41.0, 42.0]"
Donna,Sandali_zeppe,Sandalo con tacco A6711 Fuxia,99.9,99.9,['Fuxia'],"[34.0, 35.0, 36.0, 37.0, 38.0, 39.0, 40.0, 41.0, 42.0]"
Donna,Sandali_zeppe,Sandalo con tacco A6712 Nero Bianco,99.9,99.9,"['Bianco', 'Arancio']","[34.0, 35.0, 36.0, 37.0, 38.0, 39.0, 40.0, 41.0, 42.0]"
Donna,Sandali_zeppe,Sandalo con tacco A6712 Arancio,99.9,99.9,"['Arancio', 'Bianco']","[34.0, 35.0, 36.0, 37.0, 38.0, 39.0, 40.0, 41.0, 42.0]"
Donna,Sandali_zeppe,Sandalo con tacco A6713 Argento,99.9,99.9,"['Argento', 'Argento']","[34.0, 35.0, 36.0, 37.0, 38.0, 39.0, 40.0, 41.0, 42.0]"
Donna,Sandali_zeppe,Sandalo con tacco A6713 Pitone Oro,99.9,99.9,"['Argento', 'Argento']","[34.0, 35.0, 36.0, 37.0, 38.0, 39.0, 40.0, 41.0, 42.0]"
Donna,Sandali_zeppe,Sandalo con tacco A6725 Rame,99.9,99.9,"['Rame', 'Argento']","[34.0, 35.0, 36.0, 37.0, 38.0, 39.0, 40.0, 41.0, 42.0]"
Donna,Sandali_zeppe,Sandalo con tacco A6725 Argento,99.9,99.9,"['Argento', 'Rame']","[34.0, 35.0, 36.0, 37.0, 38.0, 39.0, 40.0, 41.0, 42.0]"
Donna,Sandali_zeppe,Sandalo con tacco A6726 Nero,99.9,99.9,"['Nero', 'Arancio', 'Fuxia', 'Platino']","[34.0, 35.0, 36.0, 37.0, 38.0, 39.0, 40.0, 41.0, 42.0]"
Donna,Sandali_zeppe,Sandalo con tacco A6726 Suede Arancio,99.9,99.9,"['Arancio', 'Nero', 'Fuxia', 'Platino']","[34.0, 35.0, 36.0, 37.0, 38.0, 39.0, 40.0, 41.0, 42.0]"
Donna,Sandali_zeppe,Sandalo con tacco A6726 Suede Fuxia,99.9,99.9,"['Fuxia', 'Nero', 'Arancio', 'Platino']","[34.0, 35.0, 36.0, 37.0, 38.0, 39.0, 40.0, 41.0, 42.0]"
Donna,Sandali_zeppe,Sandalo con tacco A6726 Platino,99.9,99.9,"['Platino', 'Nero', 'Arancio', 'Fuxia']","[34.0, 35.0, 36.0, 37.0, 38.0, 39.0, 40.0, 41.0, 42.0]"
Donna,Sandali_zeppe,Sandalo Zeppa A008 Oro Rosa,65.0,84.9,['Oro'],"[35.0, 36.0, 37.0, 38.0, 39.0, 40.0, 41.0, 42.0]"
Donna,Sandali_zeppe,Sandalo A1001 Nero,60.0,84.9,"['Nero', 'Bianco']","[35.0, 36.0, 37.0, 38.0, 39.0, 40.0, 41.0]"
Donna,Sandali_zeppe,Sandalo A1001 Bianco,60.0,84.9,"['Bianco', 'Nero']","[35.0, 36.0, 37.0, 38.0, 39.0, 40.0, 41.0]"
Donna,Sandali_zeppe,Sandalo A1002 Giallo Nero,60.0,84.9,"['Giallo', 'Multicolor']","[35.0, 36.0, 37.0, 38.0, 39.0, 40.0, 41.0]"
Donna,Sandali_zeppe,Sandalo A1002 Rosa Nero,60.0,84.9,"['Multicolor', 'Giallo']","[35.0, 36.0, 37.0, 38.0, 39.0, 40.0, 41.0]"
Donna,Sandali_zeppe,Sandalo A1003 Nero,60.0,74.9,"['Nero', 'Rosa']","[35.0, 36.0, 37.0, 38.0, 39.0, 40.0, 41.0]"
Donna,Sandali_zeppe,Sandalo A1003 Oro Rosa,60.0,74.9,"['Rosa', 'Nero']","[35.0, 36.0, 37.0, 38.0, 39.0, 40.0, 41.0]"
Donna,Sandali_zeppe,Sandalo Ciabattina A106 Fuxia,40.0,49.9,"['Fuxia', 'Bianco']","[35.0, 36.0, 37.0, 38.0, 39.0, 40.0, 41.0, 42.0]"
Donna,Sandali_zeppe,Sandalo Ciabattina A106 Bianco,40.0,49.9,"['Bianco', 'Fuxia']","[35.0, 36.0, 37.0, 38.0, 39.0, 40.0, 41.0, 42.0]"
Donna,Sandali_zeppe,Sandalo ciabatta A108 Fuxia,50.0,59.9,"['Fuxia', 'Giallo']","[35.0, 36.0, 37.0, 38.0, 39.0, 40.0, 41.0, 42.0]"
Donna,Sandali_zeppe,Sandalo ciabatta A108 Senape,50.0,59.9,"['Giallo', 'Fuxia']","[35.0, 36.0, 37.0, 38.0, 39.0, 40.0, 41.0, 42.0]"
Donna,Sandali_zeppe,Sandalo A230N Antracite Nero,60.0,74.9,['Grigio'],"[35.0, 36.0, 37.0, 38.0, 39.0, 40.0, 41.0]"
Donna,Sandali_zeppe,Sandalo A235 Rosa,65.0,79.9,['Rosa'],"[35.0, 36.0, 37.0, 38.0, 39.0, 40.0, 41.0]"
Donna,Sandali_zeppe,Sandalo A240 Argento,50.0,74.9,"['Argento', 'Marrone']","[35.0, 36.0, 37.0, 38.0, 39.0, 40.0, 41.0]"
Donna,Sandali_zeppe,Sandalo A240 Marrone,50.0,74.9,"['Marrone', 'Argento']","[35.0, 36.0, 37.0, 38.0, 39.0, 40.0, 41.0]"
Donna,Sandali_zeppe,Sandalo Zeppa A241 Laminato Rosa,50.0,74.9,['Rosa'],"[35.0, 36.0, 37.0, 38.0, 39.0, 40.0, 41.0]"
Donna,Sandali_zeppe,Sandalo Zeppa A242 Celeste,50.0,74.9,"['Celeste', 'Rosa']","[35.0, 36.0, 37.0, 38.0, 39.0, 40.0, 41.0]"
Donna,Sandali_zeppe,Sandalo Zeppa A242 Rosa,50.0,74.9,"['Rosa', 'Celeste']","[35.0, 36.0, 37.0, 38.0, 39.0, 40.0, 41.0]"
Donna,Sandali_zeppe,Sandalo con tacco A321 Nude,60.0,79.9,['Multicolor'],"[35.0, 36.0, 37.0, 38.0, 39.0, 40.0, 41.0]"
Donna,Sandali_zeppe,Sandalo Zeppa A3396 Argento,35.0,59.9,['Argento'],"[35.0, 36.0, 37.0, 38.0, 39.0, 40.0, 41.0]"
Donna,Sandali_zeppe,Sandalo Zeppa A4411 Argento,45.0,74.9,"['Argento', 'Nero']","[35.0, 36.0, 37.0, 38.0, 39.0, 40.0, 41.0]"
Donna,Sandali_zeppe,Sandalo Zeppa A4411 Nero,45.0,74.9,"['Nero', 'Argento']","[35.0, 36.0, 37.0, 38.0, 39.0, 40.0, 41.0]"
Donna,Sandali_zeppe,Sandalo Zeppa A4413 Argento,45.0,69.9,"['Argento', 'Cuoio']","[35.0, 36.0, 37.0, 38.0, 39.0, 40.0, 41.0]"
Donna,Sandali_zeppe,Sandalo Zeppa A4413 Testa di Moro,45.0,69.9,"['Cuoio', 'Argento']","[35.0, 36.0, 37.0, 38.0, 39.0, 40.0, 41.0]"
Donna,Sandali_zeppe,Sandalo Zeppa A4485 Maculato,50.0,69.9,"['Maculato', 'Oro']","[35.0, 36.0, 37.0, 38.0, 39.0, 40.0, 41.0]"
Donna,Sandali_zeppe,Sandalo Zeppa A4485 Oro,50.0,69.9,"['Oro', 'Maculato']","[35.0, 36.0, 37.0, 38.0, 39.0, 40.0, 41.0]"
Donna,Sandali_zeppe,Sandalo Zeppa A4487 Maculato,50.0,74.9,['Maculato'],"[35.0, 36.0, 37.0, 38.0, 39.0, 40.0, 41.0]"
Donna,Sandali_zeppe,Sandalo Zeppa A4491 Blu Elettrico,35.0,69.9,"['Blu', 'Nero']","[35.0, 36.0, 37.0, 38.0, 39.0, 40.0, 41.0]"
Donna,Sandali_zeppe,Sandalo Zeppa A4491 Nero,35.0,69.9,"['Nero', 'Blu']","[35.0, 36.0, 37.0, 38.0, 39.0, 40.0, 41.0]"
Donna,Sandali_zeppe,Sandalo A7224 Bianco,50.0,74.9,['Bianco'],"[35.0, 36.0, 37.0, 38.0, 39.0, 40.0, 41.0]"
Donna,Sandali_zeppe,Sandalo A7226 Beige,35.0,69.9,['Beige'],"[35.0, 36.0, 37.0, 38.0, 39.0, 40.0, 41.0]"
Donna,Sandali_zeppe,Sandalo A7227 Beige,35.0,69.9,"['Beige', 'Argento']","[35.0, 36.0, 37.0, 38.0, 39.0, 40.0, 41.0]"
Donna,Sandali_zeppe,Sandalo A7227 Oro,35.0,69.9,"['Argento', 'Beige']","[35.0, 36.0, 37.0, 38.0, 39.0, 40.0, 41.0]"
Donna,Sandali_zeppe,Sandalo A7228 Rosa,35.0,69.9,['Rosa'],"[35.0, 36.0, 37.0, 38.0, 39.0, 40.0, 41.0]"
Donna,Sandali_zeppe,Sandalo Pianella A7231 Nero,55.0,74.9,"['Nero', 'Sabbia']","[35.0, 36.0, 37.0, 38.0, 39.0, 40.0, 41.0, 42.0]"
Donna,Sandali_zeppe,Sandalo Pianella A7231 Sabbia,55.0,74.9,"['Sabbia', 'Nero']","[35.0, 36.0, 37.0, 38.0, 39.0, 40.0, 41.0, 42.0]"
Donna,Sandali_zeppe,Sandalo A7237 Nero,45.0,69.9,"['Nero', 'Rosa']","[35.0, 36.0, 37.0, 38.0, 39.0, 40.0, 41.0, 42.0, 43.0]"
Donna,Sandali_zeppe,Sandalo A7237 Rosa,45.0,69.9,"['Rosa', 'Nero']","[35.0, 36.0, 37.0, 38.0, 39.0, 40.0, 41.0, 42.0, 43.0]"
Donna,Sandali_zeppe,Sandalo A7239 Rosa,40.0,64.9,['Rosa'],"[35.0, 36.0, 37.0, 38.0, 39.0, 40.0, 41.0, 42.0]"
Donna,Sandali_zeppe,Sandalo A7243 Blu,30.0,54.9,"['Blu', 'Nero', 'Rosa']","[35.0, 36.0, 37.0, 38.0, 39.0, 40.0, 41.0, 42.0, 43.0]"
Donna,Sandali_zeppe,Sandalo A7243 Nero,30.0,54.9,"['Nero', 'Blu', 'Rosa']","[35.0, 36.0, 37.0, 38.0, 39.0, 40.0, 41.0, 42.0, 43.0]"
Donna,Sandali_zeppe,Sandalo A7243 Rosa,30.0,54.9,"['Rosa', 'Blu', 'Nero']","[35.0, 36.0, 37.0, 38.0, 39.0, 40.0, 41.0, 42.0, 43.0]"
Donna,Sandali_zeppe,Sandalo Infradito A7244 Celeste,35.0,54.9,"['Rosa', 'Nero']","[35.0, 36.0, 37.0, 38.0, 39.0, 40.0, 41.0, 42.0, 43.0]"
Donna,Sandali_zeppe,Sandalo Infradito A7244 Nero,35.0,54.9,"['Nero', 'Rosa']","[35.0, 36.0, 37.0, 38.0, 39.0, 40.0, 41.0, 42.0, 43.0]"
Donna,Sandali_zeppe,Sandalo Zeppa Infradito A7245 Argento,30.0,64.9,"['Argento', 'Nero']","[35.0, 36.0, 37.0, 38.0, 39.0, 40.0, 41.0]"
Donna,Sandali_zeppe,Sandalo Zeppa Infradito A7245 Nero,30.0,64.9,"['Nero', 'Argento']","[35.0, 36.0, 37.0, 38.0, 39.0, 40.0, 41.0]"
Donna,Sandali_zeppe,Sandalo Zeppa A7259 Nero,60.0,74.9,"['Nero', 'Rosa']","[35.0, 36.0, 37.0, 38.0, 39.0, 40.0, 41.0, 42.0]"
Donna,Sandali_zeppe,Sandalo Zeppa A7259 Rosa,60.0,74.9,"['Rosa', 'Nero']","[35.0, 36.0, 37.0, 38.0, 39.0, 40.0, 41.0, 42.0]"
Donna,Sandali_zeppe,Sandalo A7262 Rosso,75.0,94.9,"['Beige', 'Beige']","[35.0, 36.0, 37.0, 38.0, 39.0, 40.0, 41.0]"
Donna,Sandali_zeppe,Sandalo A7262 Beige,75.0,94.9,"['Beige', 'Beige']","[35.0, 36.0, 37.0, 38.0, 39.0, 40.0, 41.0]"
Donna,Sandali_zeppe,Sandalo con tacco A7636 Nero,30.0,79.9,"['Nero', 'Bianco']","[35.0, 36.0, 37.0, 38.0, 39.0, 40.0, 41.0, 42.0]"
Donna,Sandali_zeppe,Sandalo con tacco A7636 Bianco,30.0,79.9,"['Bianco', 'Nero']","[35.0, 36.0, 37.0, 38.0, 39.0, 40.0, 41.0, 42.0]"
Donna,Sandali_zeppe,Sandalo A7637 Nero,45.0,79.9,['Nero'],"[35.0, 36.0, 37.0, 38.0, 39.0, 40.0, 41.0, 42.0]"
Donna,Sandali_zeppe,Sandalo A7638 Oro,60.0,79.9,"['Oro', 'Argento', 'Nero']","[35.0, 36.0, 37.0, 38.0, 39.0, 40.0, 41.0, 42.0]"
Donna,Sandali_zeppe,Sandalo A7638 Argento,60.0,79.9,"['Argento', 'Oro', 'Nero']","[35.0, 36.0, 37.0, 38.0, 39.0, 40.0, 41.0, 42.0]"
Donna,Sandali_zeppe,Sandalo A7638 Nero,60.0,79.9,"['Nero', 'Oro', 'Argento']","[35.0, 36.0, 37.0, 38.0, 39.0, 40.0, 41.0, 42.0]"
Donna,Sandali_zeppe,Sandalo A7639 Cipria,60.0,84.9,['Cipria'],"[35.0, 36.0, 37.0, 38.0, 39.0, 40.0, 41.0, 42.0]"
Donna,Sandali_zeppe,Sandalo Glitter A8013 Argento,55.0,69.9,"['Argento', 'Nero', 'Oro']","[35.0, 36.0, 37.0, 38.0, 39.0, 40.0, 41.0, 42.0]"
Donna,Sandali_zeppe,Sandalo Glitter A8013 Nero,55.0,69.9,"['Nero', 'Argento', 'Oro']","[35.0, 36.0, 37.0, 38.0, 39.0, 40.0, 41.0, 42.0]"
Donna,Sandali_zeppe,Sandalo Glitter A8013 Oro,55.0,69.9,"['Oro', 'Argento', 'Nero']","[34.0, 35.0, 36.0, 37.0, 38.0, 39.0, 40.0, 41.0, 42.0]"
Donna,Sandali_zeppe,Sandalo A8014 Arancio,55.0,69.9,"['Arancio', 'Fuxia', 'Nero']","[35.0, 36.0, 37.0, 38.0, 39.0, 40.0, 41.0, 42.0]"
Donna,Sandali_zeppe,Sandalo A8014 Fuxia,55.0,69.9,"['Fuxia', 'Arancio', 'Nero']","[35.0, 36.0, 37.0, 38.0, 39.0, 40.0, 41.0, 42.0]"
Donna,Sandali_zeppe,Sandalo A8014 Nero,55.0,69.9,"['Nero', 'Arancio', 'Fuxia']","[35.0, 36.0, 37.0, 38.0, 39.0, 40.0, 41.0, 42.0]"
Donna,Sandali_zeppe,Sandalo A8015 Nero,55.0,69.9,"['Nero', 'Multicolor', 'Giallo']","[35.0, 36.0, 37.0, 38.0, 39.0, 40.0, 41.0, 42.0]"
Donna,Sandali_zeppe,Sandalo A8015 Oro Rosa,55.0,69.9,"['Multicolor', 'Nero', 'Giallo']","[35.0, 36.0, 37.0, 38.0, 39.0, 40.0, 41.0, 42.0]"
Donna,Sandali_zeppe,Sandalo A8015 Giallo,55.0,69.9,"['Giallo', 'Nero', 'Multicolor']","[35.0, 36.0, 37.0, 38.0, 39.0, 40.0, 41.0]"
Donna,Sandali_zeppe,Sandalo A8016 Arancio,55.0,69.9,"['Arancio', 'Bianco', 'Verde', 'Nero']","[35.0, 36.0, 37.0, 38.0, 39.0, 40.0, 41.0, 42.0]"
Donna,Sandali_zeppe,Sandalo A8016 Bianco,55.0,69.9,"['Bianco', 'Arancio', 'Verde', 'Nero']","[35.0, 36.0, 37.0, 38.0, 39.0, 40.0, 41.0, 42.0]"
Donna,Sandali_zeppe,Sandalo A8016 Lime,55.0,69.9,"['Verde', 'Arancio', 'Bianco', 'Nero']","[35.0, 36.0, 37.0, 38.0, 39.0, 40.0, 41.0, 42.0]"
Donna,Sandali_zeppe,Sandalo A8016 Nero,55.0,69.9,"['Nero', 'Arancio', 'Bianco', 'Verde']","[35.0, 36.0, 37.0, 38.0, 39.0, 40.0, 41.0, 42.0]"
Donna,Sandali_zeppe,Sandalo A960 Bianco,55.0,79.9,"['Bianco', 'Celeste', 'Rosa']","[35.0, 36.0, 37.0, 38.0, 39.0, 40.0, 41.0, 42.0, 43.0]"
Donna,Sandali_zeppe,Sandalo A960 Celeste,55.0,79.9,"['Celeste', 'Bianco', 'Rosa']","[35.0, 36.0, 37.0, 38.0, 39.0, 40.0, 41.0, 42.0, 43.0]"
Donna,Sandali_zeppe,Sandalo A960 Rosa,55.0,79.9,"['Rosa', 'Bianco', 'Celeste']","[35.0, 36.0, 37.0, 38.0, 39.0, 40.0, 41.0, 42.0, 43.0]"
Donna,Sandali_zeppe,Sandalo con tacco A3680 Nero,79.9,99.9,"['Nero', 'Cipria']","[35.0, 36.0, 37.0, 38.0, 39.0, 40.0, 41.0, 42.0]"
Donna,Sandali_zeppe,Sandalo con tacco A3680 Cipria,79.9,99.9,"['Cipria', 'Nero']","[35.0, 36.0, 37.0, 38.0, 39.0, 40.0, 41.0, 42.0]"
Donna,Sandali_zeppe,Sandalo con tacco A3675 Nude,79.9,99.9,"['Nude', 'Nero']","[34.0, 35.0, 36.0, 37.0, 38.0, 39.0, 40.0, 41.0]"
Donna,Sandali_zeppe,Sandalo con tacco A3675 Nero,79.9,99.9,"['Nero', 'Nude']","[34.0, 35.0, 36.0, 37.0, 38.0, 39.0, 40.0, 41.0]"
Donna,Sandali_zeppe,Slingback A5730 Cuoio,45.0,79.9,"['Cuoio', 'Nero']","[35.0, 36.0, 37.0, 38.0, 39.0, 40.0, 41.0, 42.0]"
Donna,Sandali_zeppe,Slingback A5730 Nero,45.0,79.9,"['Nero', 'Cuoio']","[35.0, 36.0, 37.0, 38.0, 39.0, 40.0, 41.0, 42.0]"
Donna,Sandali_zeppe,Sandalo Sabot A5732 Camoscio Cuoio,55.0,84.9,"['Cuoio', 'Blu']","[35.0, 36.0, 37.0, 38.0, 39.0, 40.0, 41.0, 42.0]"
Donna,Sandali_zeppe,Sandalo Sabot A5732 Camoscio Blu,55.0,84.9,"['Blu', 'Cuoio']","[35.0, 36.0, 37.0, 38.0, 39.0, 40.0, 41.0, 42.0]"
Donna,Sandali_zeppe,Slingback A3665 Camoscio Blu,35.0,74.9,"['Blu', 'Argento']","[35.0, 36.0, 37.0, 38.0, 39.0, 40.0, 41.0, 42.0]"
Donna,Sandali_zeppe,Slingback A3665 Spazzolato Argento,35.0,74.9,"['Argento', 'Blu']","[35.0, 36.0, 37.0, 38.0, 39.0, 40.0, 41.0, 42.0]"
Donna,Sandali_zeppe,Sandalo con tacco A3660 Nero,37.45,74.9,"['Nero', 'Nude']","[34.0, 35.0, 36.0, 37.0, 38.0, 39.0, 40.0, 41.0]"
Donna,Sandali_zeppe,Sandalo con tacco A3660 Nude,37.45,74.9,"['Nude', 'Nero']","[34.0, 35.0, 36.0, 37.0, 38.0, 39.0, 40.0, 41.0]"
Donna,Sandali_zeppe,Sandalo con tacco A955 Fuxia,60.0,84.9,"['Multicolor', 'Bianco', 'Multicolor']","[34.0, 35.0, 36.0, 37.0, 38.0, 39.0, 40.0, 41.0]"
Donna,Sandali_zeppe,Sandalo con tacco A955 Nero Bianco,60.0,84.9,"['Bianco', 'Multicolor', 'Multicolor']","[34.0, 35.0, 36.0, 37.0, 38.0, 39.0, 40.0, 41.0]"
Donna,Sandali_zeppe,Sandalo con tacco A955 Acquamarina,60.0,84.9,"['Multicolor', 'Multicolor', 'Bianco']","[34.0, 35.0, 36.0, 37.0, 38.0, 39.0, 40.0, 41.0]"
Donna,Sandali_zeppe,Sandalo con tacco A1010 Nero,70.0,89.9,"['Nero', 'Fuxia']","[35.0, 36.0, 37.0, 38.0, 39.0, 40.0, 41.0, 42.0]"
Donna,Sandali_zeppe,Sandalo con tacco A1010 Fuxia,70.0,89.9,"['Fuxia', 'Nero']","[35.0, 36.0, 37.0, 38.0, 39.0, 40.0, 41.0, 42.0]"
Donna,Sandali_zeppe,Sandalo con tacco A1011 Nero,75.0,99.9,"['Nero', 'Multicolor', 'Cuoio']","[35.0, 36.0, 37.0, 38.0, 39.0, 40.0, 41.0, 42.0]"
Donna,Sandali_zeppe,Sandalo con tacco A1011 Rosa Verde,75.0,99.9,"['Multicolor', 'Nero', 'Cuoio']","[35.0, 36.0, 37.0, 38.0, 39.0, 40.0, 41.0, 42.0]"
Donna,Sandali_zeppe,Sandalo con tacco A1011 Cuoio,75.0,99.9,"['Cuoio', 'Nero', 'Multicolor']","[35.0, 36.0, 37.0, 38.0, 39.0, 40.0, 41.0, 42.0]"
Donna,Sandali_zeppe,Sandalo con tacco A959 Oro,60.0,89.9,['Oro'],"[34.0, 35.0, 36.0, 37.0, 38.0, 39.0, 40.0, 41.0]"
Donna,Sandali_zeppe,Sandalo con tacco A475L Camoscio Rosso,50.0,74.9,"['Rosso', 'Blu', 'Nero', 'Rosa', 'Celeste']","[35.0, 36.0, 37.0, 38.0, 39.0, 40.0, 41.0]"
Donna,Sandali_zeppe,Sandalo con tacco A411 Nero,40.0,84.9,['Nero'],"[35.0, 36.0, 37.0, 38.0, 39.0, 40.0, 41.0]"
Donna,Sandali_zeppe,Sandalo con tacco A475L Blu,50.0,74.9,"['Blu', 'Rosso', 'Nero', 'Rosa', 'Celeste']","[35.0, 36.0, 37.0, 38.0, 39.0, 40.0, 41.0]"
Donna,Sandali_zeppe,Sandalo con tacco A475L Nero,50.0,74.9,"['Nero', 'Rosso', 'Blu', 'Rosa', 'Celeste']","[35.0, 36.0, 37.0, 38.0, 39.0, 40.0, 41.0]"
Donna,Sandali_zeppe,Sandalo con tacco A475L Rosa,50.0,74.9,"['Rosa', 'Rosso', 'Blu', 'Nero', 'Celeste']","[35.0, 36.0, 37.0, 38.0, 39.0, 40.0, 41.0]"
Donna,Sandali_zeppe,Sandalo con Tacco A405 Nude,80.0,99.9,"['Nude', 'Platino', 'Argento', 'Fuxia', 'Bianco']","[34.0, 35.0, 36.0, 37.0, 38.0, 39.0, 40.0, 41.0]"
Donna,Sandali_zeppe,Sandalo con Tacco A405 Onda Platino,80.0,99.9,"['Platino', 'Nude', 'Argento', 'Fuxia', 'Bianco']","[34.0, 35.0, 36.0, 37.0, 38.0, 39.0, 40.0, 41.0]"
Donna,Sandali_zeppe,Sandalo con Tacco A405 Onda Argento,80.0,99.9,"['Argento', 'Nude', 'Platino', 'Fuxia', 'Bianco']","[34.0, 35.0, 36.0, 37.0, 38.0, 39.0, 40.0, 41.0]"
Donna,Sandali_zeppe,Sandalo con Tacco A405 Fuxia,80.0,99.9,"['Fuxia', 'Nude', 'Platino', 'Argento', 'Bianco']","[34.0, 35.0, 36.0, 37.0, 38.0, 39.0, 40.0, 41.0]"
Donna,Sandali_zeppe,Sandalo con Tacco A405 Bianco,80.0,99.9,"['Bianco', 'Nude', 'Platino', 'Argento', 'Fuxia']","[34.0, 35.0, 36.0, 37.0, 38.0, 39.0, 40.0, 41.0]"
Donna,Sandali_zeppe,Sandalo con tacco A475L Celeste,50.0,74.9,"['Celeste', 'Rosso', 'Blu', 'Nero', 'Rosa']","[35.0, 36.0, 37.0, 38.0, 39.0, 40.0, 41.0]"
Donna,Sandali_zeppe,Sandalo con tacco A412 Nero,50.0,89.9,"['Nero', 'Oro']","[35.0, 36.0, 37.0, 38.0, 39.0, 40.0, 41.0]"
Donna,Sandali_zeppe,Sandalo con tacco A412 Oro,50.0,89.9,"['Oro', 'Nero']","[35.0, 36.0, 37.0, 38.0, 39.0, 40.0, 41.0]"
Donna,Scarponcini,Stivaletto Anfibio D1027 Nero,139.9,139.9,"['Nero', 'Bordeaux']","[35.0, 36.0, 37.0, 38.0, 39.0, 40.0, 41.0]"
Donna,Scarponcini,Scarponcino Anfibio D1026 Nero,83.9,104.9,['Nero'],"[35.0, 36.0, 37.0, 38.0, 39.0, 40.0, 41.0]"
Donna,Scarponcini,Stivaletto Anfibio D1027 Bordeaux,111.9,139.9,"['Bordeaux', 'Nero']","[35.0, 36.0, 37.0, 38.0, 39.0, 40.0, 41.0]"
Donna,Scarponcini,Scarponcino Anfibio D294 Nero,83.9,104.9,"['Nero', 'T.Moro']","[35.0, 36.0, 37.0, 38.0, 39.0, 40.0, 41.0]"
Donna,Scarponcini,Scarponcino Anfibio D315 Nero,99.9,99.9,['Nero'],"[35.0, 36.0, 37.0, 38.0, 39.0, 40.0, 41.0, 42.0]"
Donna,Scarponcini,Scarponcino Hiking D418 Nero,95.0,119.9,"['Nero', 'Cuoio']","[35.0, 36.0, 37.0, 38.0, 39.0, 40.0, 41.0]"
Donna,Scarponcini,Scarponcino Hiking D418 Cuoio,95.0,119.9,"['Cuoio', 'Nero']","[35.0, 36.0, 37.0, 38.0, 39.0, 40.0, 41.0, 42.0]"
Donna,Scarponcini,Scarponcino Anfibio D315N Nero,99.9,99.9,['Nero'],"[35.0, 36.0, 37.0, 38.0, 39.0, 40.0, 41.0, 42.0]"
Donna,Scarponcini,Scarponcino Anfibio D8026 Bordeaux,76.9,109.9,['Bordeaux'],"[35.0, 36.0, 37.0, 38.0, 39.0, 40.0, 41.0]"
Donna,Scarponcini,Scarponcino Anfibio D7842 Bordeaux,76.9,109.9,['Bordeaux'],"[35.0, 36.0, 37.0, 38.0, 39.0, 40.0, 41.0, 42.0]"
Donna,Scarponcini,Scarponcino alto D7845 Nero,66.4,94.9,"['Nero', 'Blu']","[35.0, 36.0, 37.0, 38.0, 39.0, 40.0, 41.0]"
Donna,Scarponcini,Scarponcino alto D7845 Blu Grigio,66.4,94.9,"['Blu', 'Nero']","[35.0, 36.0, 37.0, 38.0, 39.0, 40.0, 41.0]"
Donna,Scarponcini,Scarponcino Anfibio D433 Nero,76.9,109.9,"['Nero', 'T.Moro', 'Verde']","[35.0, 36.0, 37.0, 38.0, 39.0, 40.0, 41.0, 42.0]"
Donna,Scarponcini,Scarponcino Anfibio D433 Testa di Moro,76.9,109.9,"['T.Moro', 'Nero', 'Verde']","[35.0, 36.0, 37.0, 38.0, 39.0, 40.0, 41.0]"
Donna,Scarponcini,Scarponcino Anfibio D433 Verde,76.9,109.9,"['Verde', 'Nero', 'T.Moro']","[35.0, 36.0, 37.0, 38.0, 39.0, 40.0, 41.0]"
Donna,Scarponcini,Stivaletto Chelsea D340A Cuoio,63.9,79.9,['Cuoio'],"[35.0, 36.0, 37.0, 38.0, 39.0, 40.0, 41.0]"
Donna,Scarponcini,Scarponcino Chelsea Anfibio D319 Rosso,99.9,99.9,"['Rosso', 'Nero']","[35.0, 36.0, 37.0, 38.0, 39.0, 40.0, 41.0, 42.0]"
Donna,Scarponcini,Scarponcino Chelsea Anfibio D319 Nero,99.9,99.9,"['Nero', 'Rosso']","[35.0, 36.0, 37.0, 38.0, 39.0, 40.0, 41.0, 42.0]"
Donna,Scarponcini,Scarponcino Anfibio D305 Rosso,99.9,99.9,"['Rosso', 'Bianco', 'Nero']","[35.0, 36.0, 37.0, 38.0, 39.0, 40.0, 41.0, 42.0]"
Donna,Scarponcini,Scarponcino Anfibio D305 Bianco,99.9,99.9,"['Bianco', 'Rosso', 'Nero']","[35.0, 36.0, 37.0, 38.0, 39.0, 40.0, 41.0, 42.0]"
Donna,Scarponcini,Scarponcino Anfibio D305 Nero,99.9,99.9,"['Nero', 'Rosso', 'Bianco']","[35.0, 36.0, 37.0, 38.0, 39.0, 40.0, 41.0, 42.0]"
Donna,Scarponcini,Scarponcino Anfibio D313 Grigio,59.9,99.9,['Grigio'],"[35.0, 36.0, 37.0, 38.0, 39.0, 40.0, 41.0]"
Donna,Scarponcini,Scarponcino Anfibio D681 Nero,73.4,109.9,['Nero'],"[35.0, 36.0, 37.0, 38.0, 39.0, 40.0, 41.0, 42.0]"
Donna,Scarponcini,Stivaletto D426 Nero,44.95,89.9,"['Nero', 'Marrone']","[35.0, 36.0, 37.0, 38.0, 39.0, 40.0, 41.0, 42.0, 43.0]"
Donna,Scarponcini,Stivaletto D426 Marrone,44.95,89.9,"['Marrone', 'Nero']","[35.0, 36.0, 37.0, 38.0, 39.0, 40.0, 41.0, 42.0, 43.0]"
Donna,Scarponcini,Scarponcino Anfibio D427 Nero,44.95,89.9,['Nero'],"[35.0, 36.0, 37.0, 38.0, 39.0, 40.0, 41.0, 42.0, 43.0]"
Donna,Scarponcini,Scarponcino D419 Nero Cuoio,75.0,94.9,['Cuoio'],"[35.0, 36.0, 37.0, 38.0, 39.0, 40.0, 41.0]"
Donna,Scarponcini,Scarponcino alto D431 Nero,55.0,94.9,['Nero'],"[35.0, 36.0, 37.0, 38.0, 39.0, 40.0, 41.0]"
Donna,Scarponcini,Scarponcino Biker D7553 Nero,50.0,89.9,['Nero'],"[35.0, 36.0, 37.0, 38.0, 39.0, 40.0, 41.0, 42.0, 43.0]"
Donna,Tronchetti,Stivaletto con tacco D82 Nero,109.9,109.9,"['Nero', 'Cuoio']","[35.0, 36.0, 37.0, 38.0, 39.0, 40.0, 41.0]"
Donna,Tronchetti,Stivaletto con tacco D83 Nero,111.9,139.9,['Nero'],"[35.0, 36.0, 37.0, 38.0, 39.0, 40.0, 41.0]"
Donna,Tronchetti,Stivaletto Texano D818 Testa di Moro,109.9,109.9,['T.Moro'],"[35.0, 36.0, 37.0, 38.0, 39.0, 40.0, 41.0]"
Donna,Tronchetti,Stivaletto Texano D819 Nero,99.9,99.9,"['Nero', 'Bordeaux']","[35.0, 36.0, 37.0, 38.0, 39.0, 40.0, 41.0, 42.0]"
Donna,Tronchetti,Stivaletto Texano D819 Bordeaux,99.9,99.9,"['Bordeaux', 'Nero']","[35.0, 36.0, 37.0, 38.0, 39.0, 40.0, 41.0, 42.0]"
Donna,Tronchetti,Stivaletto Chelsea D295 Testa di Moro,99.9,99.9,"['T.Moro', 'Nero']","[35.0, 36.0, 37.0, 38.0, 39.0, 40.0, 41.0]"
Donna,Tronchetti,Stivaletto Chelsea D295 Nero,99.9,99.9,"['Nero', 'T.Moro']","[35.0, 36.0, 37.0, 38.0, 39.0, 40.0, 41.0]"
Donna,Tronchetti,Scarponcino Anfibio D294 Testa di Moro,83.9,104.9,"['T.Moro', 'Nero']","[35.0, 36.0, 37.0, 38.0, 39.0, 40.0, 41.0]"
Donna,Tronchetti,Stivaletto con tacco D8085 Suede Bordeaux,87.9,109.9,"['Bordeaux', 'Nero']","[35.0, 36.0, 37.0, 38.0, 39.0, 40.0, 41.0]"
Donna,Tronchetti,Stivaletto con tacco D8085 Nero,87.9,109.9,"['Nero', 'Bordeaux']","[35.0, 36.0, 37.0, 38.0, 39.0, 40.0, 41.0]"
Donna,Tronchetti,Stivaletto con Tacco D5738 Nero,95.9,119.9,['Nero'],"[35.0, 36.0, 37.0, 38.0, 39.0, 40.0, 41.0, 42.0]"
Donna,Tronchetti,Stivaletto con tacco D5733 Bordeaux,83.9,104.9,"['Bordeaux', 'Cipria', 'Nero']","[35.0, 36.0, 37.0, 38.0, 39.0, 40.0, 41.0, 42.0]"
Donna,Tronchetti,Stivaletto con tacco D5733 Cipria,83.9,104.9,"['Cipria', 'Bordeaux', 'Nero']","[35.0, 36.0, 37.0, 38.0, 39.0, 40.0, 41.0, 42.0]"
Donna,Tronchetti,Stivaletto con tacco D5731 Blu,56.9,94.9,"['Blu', 'Bordeaux']","[35.0, 36.0, 37.0, 38.0, 39.0, 40.0, 41.0, 42.0]"
Donna,Tronchetti,Stivaletto con tacco D5731 Bordeaux,56.9,94.9,"['Bordeaux', 'Blu']","[35.0, 36.0, 37.0, 38.0, 39.0, 40.0, 41.0, 42.0]"
Donna,Tronchetti,Stivaletto D204 Burgundy,87.9,109.9,"['Bordeaux', 'Beige', 'Nero']","[35.0, 36.0, 37.0, 38.0, 39.0, 40.0, 41.0]"
Donna,Tronchetti,Stivaletto D204 Beige,87.9,109.9,"['Beige', 'Bordeaux', 'Nero']","[35.0, 36.0, 37.0, 38.0, 39.0, 40.0, 41.0]"
Donna,Tronchetti,Stivaletto D204 Nero,87.9,109.9,"['Nero', 'Bordeaux', 'Beige']","[35.0, 36.0, 37.0, 38.0, 39.0, 40.0, 41.0]"
Donna,Tronchetti,Stivaletto con tacco D82 Cuoio,87.9,109.9,"['Cuoio', 'Nero']","[35.0, 36.0, 37.0, 38.0, 39.0, 40.0, 41.0]"
Donna,Tronchetti,Stivaletto Chelsea D340 Nero,63.9,79.9,['Nero'],"[35.0, 36.0, 37.0, 38.0, 39.0, 40.0, 41.0, 42.0, 43.0]"
Donna,Tronchetti,Stivaletto con tacco D5733 Nero,83.9,104.9,"['Nero', 'Bordeaux', 'Cipria']","[35.0, 36.0, 37.0, 38.0, 39.0, 40.0, 41.0, 42.0]"
Donna,Tronchetti,Stivaletto Texano D7380 Nabuk Marrone,44.9,89.9,"['Marrone', 'Nero']","[35.0, 36.0, 37.0, 38.0, 39.0, 40.0, 41.0, 42.0]"
Donna,Tronchetti,Stivaletto Texano D7380 Nabuk Nero,44.9,89.9,"['Nero', 'Marrone']","[35.0, 36.0, 37.0, 38.0, 39.0, 40.0, 41.0, 42.0]"
Donna,Tronchetti,Stivaletto Texano D7384 Nero,79.9,99.9,"['Nero', 'Cuoio']","[35.0, 36.0, 37.0, 38.0, 39.0, 40.0, 41.0, 42.0]"
Donna,Tronchetti,Stivaletto Texano D7384 Cuoio,79.9,99.9,"['Cuoio', 'Nero']","[35.0, 36.0, 37.0, 38.0, 39.0, 40.0, 41.0, 42.0]"
Donna,Tronchetti,Stivaletto Texano D7385 Bordeaux,79.9,99.9,['Bordeaux'],"[35.0, 36.0, 37.0, 38.0, 39.0, 40.0, 41.0, 42.0]"
Donna,Tronchetti,Stivaletto D748 Nero,67.9,84.9,['Nero'],"[35.0, 36.0, 37.0, 38.0, 39.0, 40.0, 41.0]"
Donna,Tronchetti,Stivaletto con tacco D979 Nero,95.9,119.9,"['Nero', 'Marrone']","[35.0, 36.0, 37.0, 38.0, 39.0, 40.0, 41.0]"
Donna,Tronchetti,Stivaletto con tacco D979 Marrone,95.9,119.9,"['Marrone', 'Nero']","[35.0, 36.0, 37.0, 38.0, 39.0, 40.0, 41.0]"
Donna,Tronchetti,Stivaletto con tacco D976 Nero,66.4,94.9,"['Nero', 'Bordeaux']","[35.0, 36.0, 37.0, 38.0, 39.0, 40.0, 41.0, 42.0]"
Donna,Tronchetti,Stivaletto con tacco D976 Bordeaux,66.4,94.9,"['Bordeaux', 'Nero']","[35.0, 36.0, 37.0, 38.0, 39.0, 40.0, 41.0]"
Donna,Tronchetti,Stivaletto con tacco D7297 Nero,83.9,104.9,"['Nero', 'Sabbia']","[35.0, 36.0, 37.0, 38.0, 39.0, 40.0, 41.0]"
Donna,Tronchetti,Stivaletto con tacco D7297 Suede Sabbia,83.9,104.9,"['Sabbia', 'Nero']","[35.0, 36.0, 37.0, 38.0, 39.0, 40.0, 41.0]"
Donna,Tronchetti,Stivaletto con tacco A6724 Nero,124.9,124.9,"['Nero', 'Bordeaux']","[34.0, 35.0, 36.0, 37.0, 38.0, 39.0, 40.0, 41.0, 42.0]"
Donna,Tronchetti,Stivaletto con tacco A6724 Bordeaux,124.9,124.9,"['Bordeaux', 'Nero']","[34.0, 35.0, 36.0, 37.0, 38.0, 39.0, 40.0, 41.0, 42.0]"
Donna,Tronchetti,Stivaletto con tacco A6728 Nero,124.9,124.9,"['Nero', 'Cuoio']","[34.0, 35.0, 36.0, 37.0, 38.0, 39.0, 40.0, 41.0, 42.0]"
Donna,Tronchetti,Stivaletto con tacco A6728 Cuoio,124.9,124.9,"['Cuoio', 'Nero']","[34.0, 35.0, 36.0, 37.0, 38.0, 39.0, 40.0, 41.0, 42.0]"
Donna,Tronchetti,Stivaletto A639 Laminato Cuoio,85.0,109.9,['Cuoio'],"[35.0, 36.0, 37.0, 38.0, 39.0, 40.0, 41.0, 42.0]"
Donna,Tronchetti,Stivaletto A631 Camoscio Beige,50.0,99.9,['Beige'],"[35.0, 36.0, 37.0, 38.0, 39.0, 40.0, 41.0, 42.0]"
Donna,Tronchetti,Stivaletto A632 Nero,50.0,109.9,['Nero'],"[35.0, 36.0, 37.0, 38.0, 39.0, 40.0, 41.0, 42.0]"
Donna,Tronchetti,Stivaletto A749 Nero,40.0,89.9,"['Nero', 'Oro']","[35.0, 36.0, 37.0, 38.0, 39.0, 40.0, 41.0, 42.0]"
Donna,Tronchetti,Stivaletto A749 Laminato Oro,40.0,89.9,"['Oro', 'Nero']","[35.0, 36.0, 37.0, 38.0, 39.0, 40.0, 41.0]"
Donna,Tronchetti,Stivaletto Texano con tacco D941 Nero,71.9,89.9,['Nero'],"[34.0, 35.0, 36.0, 37.0, 38.0, 39.0, 40.0, 41.0]"
Donna,Tronchetti,Stivaletto Chelsea D2342 Grigio,53.9,89.9,"['Grigio', 'Nero']","[35.0, 36.0, 37.0, 38.0, 39.0, 40.0, 41.0, 42.0]"
Donna,Tronchetti,Stivaletto Chelsea D2342 Nero,53.9,89.9,"['Nero', 'Grigio']","[35.0, 36.0, 37.0, 38.0, 39.0, 40.0, 41.0, 42.0]"
Donna,Tronchetti,Stivaletto Chelsea D2346 Nero,56.9,94.9,"['Nero', 'Grigio']","[35.0, 36.0, 37.0, 38.0, 39.0, 40.0, 41.0]"
Donna,Tronchetti,Stivaletto Chelsea D2346 Stampa Pitone Grigio,56.9,94.9,"['Grigio', 'Nero']","[35.0, 36.0, 37.0, 38.0, 39.0, 40.0, 41.0]"
Donna,Tronchetti,Stivaletto con tacco A3667 Nero,62.9,104.9,"['Nero', 'Cuoio']","[34.0, 35.0, 36.0, 37.0, 38.0, 39.0, 40.0, 41.0]"
Donna,Tronchetti,Stivaletto con tacco A3667 Cuoio,62.9,104.9,"['Cuoio', 'Nero']","[34.0, 35.0, 36.0, 37.0, 38.0, 39.0, 40.0, 41.0]"
Donna,Tronchetti,Stivaletto con tacco A3674 Nero,69.9,99.9,['Nero'],"[34.0, 35.0, 36.0, 37.0, 38.0, 39.0, 40.0, 41.0]"
Donna,Tronchetti,Stivaletto con tacco D404 Nero,39.95,99.9,"['Nero', 'Rosso']","[34.0, 35.0, 36.0, 37.0, 38.0, 39.0, 40.0, 41.0]"
Donna,Tronchetti,Stivaletto con tacco D404 Suede Rosso,39.95,99.9,"['Rosso', 'Nero']","[34.0, 35.0, 36.0, 37.0, 38.0, 39.0, 40.0, 41.0]"
Donna,Tronchetti,Stivaletto Chelsea con tacco D5723 Blu,53.9,89.9,"['Blu', 'Nero']","[35.0, 36.0, 37.0, 38.0, 39.0, 40.0, 41.0, 42.0]"
Donna,Tronchetti,Stivaletto Chelsea con tacco D5723 Nero,53.9,89.9,"['Nero', 'Blu']","[35.0, 36.0, 37.0, 38.0, 39.0, 40.0, 41.0, 42.0]"
Donna,Tronchetti,Stivaletto con tacco D5725 Nero,62.9,89.9,['Nero'],"[35.0, 36.0, 37.0, 38.0, 39.0, 40.0, 41.0, 42.0]"
Donna,Stivali,Stivaletto Anfibio D1027 Nero,139.9,139.9,"['Nero', 'Bordeaux']","[35.0, 36.0, 37.0, 38.0, 39.0, 40.0, 41.0]"
Donna,Stivali,Stivale Texano D817 Nero,139.9,139.9,"['Nero', 'Grigio']","[35.0, 36.0, 37.0, 38.0, 39.0, 40.0, 41.0]"
Donna,Stivali,Stivaletto con tacco D83 Nero,111.9,139.9,['Nero'],"[35.0, 36.0, 37.0, 38.0, 39.0, 40.0, 41.0]"
Donna,Stivali,Stivaletto Anfibio D1027 Bordeaux,111.9,139.9,"['Bordeaux', 'Nero']","[35.0, 36.0, 37.0, 38.0, 39.0, 40.0, 41.0]"
Donna,Stivali,Stivale cavallerizzo D2352 Nero,124.9,124.9,"['Nero', 'T.Moro', 'Cuoio']","[35.0, 36.0, 37.0, 38.0, 39.0, 40.0, 41.0, 42.0, 43.0]"
Donna,Stivali,Stivale cavallerizzo D2352 Testa di Moro,124.9,124.9,"['T.Moro', 'Nero', 'Cuoio']","[35.0, 36.0, 37.0, 38.0, 39.0, 40.0, 41.0, 42.0, 43.0]"
Donna,Stivali,Stivale Texano D817 Pitone Grigio,139.9,139.9,"['Grigio', 'Nero']","[35.0, 36.0, 37.0, 38.0, 39.0, 40.0, 41.0]"
Donna,Stivali,Stivale cavallerizzo D2352 Cuoio,124.9,124.9,"['Cuoio', 'Nero', 'T.Moro']","[35.0, 36.0, 37.0, 38.0, 39.0, 40.0, 41.0, 42.0, 43.0]"
Donna,Stivali,Stivale Cavallerizzo D34L Nero,83.9,104.9,"['Nero', 'T.Moro']","[35.0, 36.0, 37.0, 38.0, 39.0, 40.0, 41.0, 42.0, 43.0]"
Donna,Stivali,Stivale con tacco A6731 Nero,149.9,149.9,"['Nero', 'Cuoio']","[34.0, 35.0, 36.0, 37.0, 38.0, 39.0, 40.0, 41.0, 42.0]"
Donna,Stivali,Stivale con tacco A6731 Cuoio,149.9,149.9,"['Cuoio', 'Nero']","[34.0, 35.0, 36.0, 37.0, 38.0, 39.0, 40.0, 41.0, 42.0]"
Donna,Stivali,Stivale con tacco D5735 Nero,83.9,119.9,"['Nero', 'Rosa']","[35.0, 36.0, 37.0, 38.0, 39.0, 40.0, 41.0, 42.0]"
Donna,Stivali,Stivale con tacco D8086 Nero,103.9,129.9,['Nero'],"[35.0, 36.0, 37.0, 38.0, 39.0, 40.0, 41.0]"
Donna,Stivali,Stivale Bikers D1025 Nero,111.9,139.9,['Nero'],"[35.0, 36.0, 37.0, 38.0, 39.0, 40.0, 41.0]"
Donna,Stivali,Stivale D8025 Verde,100.8,144.9,"['Verde', 'Nero']","[35.0, 36.0, 37.0, 38.0, 39.0, 40.0, 41.0]"
Donna,Stivali,Stivale D8025 Nero,100.8,144.9,"['Nero', 'Verde']","[35.0, 36.0, 37.0, 38.0, 39.0, 40.0, 41.0]"
Donna,Stivali,Stivale D296 Nero,97.9,139.9,"['Nero', 'Cuoio']","[35.0, 36.0, 37.0, 38.0, 39.0, 40.0, 41.0]"
Donna,Stivali,Stivale D296 Nabuk Ruggine,97.9,139.9,"['Cuoio', 'Nero']","[35.0, 36.0, 37.0, 38.0, 39.0, 40.0, 41.0]"
Donna,Stivali,Stivale D7844EL Bordeaux,94.9,134.9,"['Bordeaux', 'Nero']","[35.0, 36.0, 37.0, 38.0, 39.0, 40.0, 41.0]"
Donna,Stivali,Stivale D7844EL Nero,94.9,134.9,"['Nero', 'Bordeaux']","[35.0, 36.0, 37.0, 38.0, 39.0, 40.0, 41.0]"
Donna,Stivali,Stivale Texano D7381 Nero,76.9,109.9,"['Nero', 'Cuoio', 'T.Moro']","[35.0, 36.0, 37.0, 38.0, 39.0, 40.0, 41.0, 42.0]"
Donna,Stivali,Stivale Texano D7381 Cuoio,76.9,109.9,"['Cuoio', 'Nero', 'T.Moro']","[35.0, 36.0, 37.0, 38.0, 39.0, 40.0, 41.0, 42.0]"
Donna,Stivali,Stivale Texano D7381 Testa di Moro,76.9,109.9,"['T.Moro', 'Nero', 'Cuoio']","[35.0, 36.0, 37.0, 38.0, 39.0, 40.0, 41.0, 42.0]"
Donna,Stivali,Stivale Texano D7382 Nero,76.9,109.9,['Nero'],"[35.0, 36.0, 37.0, 38.0, 39.0, 40.0, 41.0]"
Donna,Stivali,Stivale Overknee D333 Suede Testa di moro,87.9,109.9,"['Cuoio', 'Cuoio', 'Blu']","[35.0, 36.0, 37.0, 38.0, 39.0, 40.0, 41.0]"
Donna,Stivali,Stivale Overknee D333 Suede Camel,87.9,109.9,"['Cuoio', 'Cuoio', 'Blu']","[35.0, 36.0, 37.0, 38.0, 39.0, 40.0, 41.0, 42.0]"
Donna,Stivali,Stivale Overknee D333 Suede Blu,87.9,109.9,"['Blu', 'Cuoio', 'Cuoio']","[35.0, 36.0, 37.0, 38.0, 39.0, 40.0, 41.0]"
Donna,Stivali,Stivale Cavallerizzo D34L Testa di Moro,83.9,104.9,"['T.Moro', 'Nero']","[35.0, 36.0, 37.0, 38.0, 39.0, 40.0, 41.0, 42.0, 43.0]"
Donna,Stivali,Stivale con tacco D978 Blu,95.9,119.9,"['Blu', 'Marrone', 'Nero']","[35.0, 36.0, 37.0, 38.0, 39.0, 40.0, 41.0]"
Donna,Stivali,Stivale con tacco D978 Marrone,95.9,119.9,"['Marrone', 'Blu', 'Nero']","[35.0, 36.0, 37.0, 38.0, 39.0, 40.0, 41.0]"
Donna,Stivali,Stivale con tacco D978 Nero,95.9,119.9,"['Nero', 'Blu', 'Marrone']","[35.0, 36.0, 37.0, 38.0, 39.0, 40.0, 41.0]"
Donna,Stivali,Stivale Texano con tacco D943L Verdone,94.4,134.9,['Verde'],"[34.0, 35.0, 36.0, 37.0, 38.0, 39.0, 40.0, 41.0]"
Donna,Stivali,Stivale Texano con tacco D943S Nero,94.4,134.9,"['Nero', 'Bordeaux', 'Marrone']","[34.0, 35.0, 36.0, 37.0, 38.0, 39.0, 40.0, 41.0]"
Donna,Stivali,Stivale Texano con tacco D943S Bordeaux,94.4,134.9,"['Bordeaux', 'Nero', 'Marrone']","[34.0, 35.0, 36.0, 37.0, 38.0, 39.0, 40.0, 41.0]"
Donna,Stivali,Stivale Texano con tacco D943S Marrone,94.4,134.9,"['Marrone', 'Nero', 'Bordeaux']","[34.0, 35.0, 36.0, 37.0, 38.0, 39.0, 40.0, 41.0]"
Donna,Stivali,Stivale con tacco D5735 Rosa,83.9,119.9,"['Rosa', 'Nero']","[35.0, 36.0, 37.0, 38.0, 39.0, 40.0, 41.0, 42.0]"
Donna,Stivali,Stivale D7580 Nero,71.9,119.9,['Nero'],"[35.0, 36.0, 37.0, 38.0, 39.0, 40.0, 41.0, 42.0]"
Donna,Stivali,Stivale D7579 Nero,77.9,129.9,['Nero'],"[35.0, 36.0, 37.0, 38.0, 39.0, 40.0, 41.0, 42.0]"
Donna,Stivali,Stivale con Strass D7296 Nero,90.9,129.9,['Nero'],"[35.0, 36.0, 37.0, 38.0, 39.0, 40.0, 41.0]"
Donna,Stivali,Stivale Chelsea Anfibio D318 Nero,76.9,109.9,['Nero'],"[35.0, 36.0, 37.0, 38.0, 39.0, 40.0, 41.0, 42.0]"
Donna,Stivali,Stivale Chelsea Anfibio D314 Nero,76.9,109.9,['Nero'],"[35.0, 36.0, 37.0, 38.0, 39.0, 40.0, 41.0]"
Donna,Scarpe_basse,Mocassino Penny A7 Nero Cavallino,79.9,79.9,"['Nero', 'Blu', 'Nero', 'Nero', 'Bianco', 'Giallo', 'Rosa', 'Cuoio', 'Blu']","[35.0, 36.0, 37.0, 38.0, 39.0, 40.0, 41.0, 42.0]"
Donna,Scarpe_basse,Stringata Derby D680 Nero,79.9,79.9,['Nero'],"[35.0, 36.0, 37.0, 38.0, 39.0, 40.0, 41.0, 42.0]"
Donna,Scarpe_basse,Stringata Derby D165 Nero,89.9,89.9,['Nero'],"[35.0, 36.0, 37.0, 38.0, 39.0, 40.0, 41.0, 42.0]"
Donna,Scarpe_basse,Doppia Fibbia D169 Nabuck Marrone,89.9,89.9,"['Marrone', 'Nero']","[35.0, 36.0, 37.0, 38.0, 39.0, 40.0, 41.0, 42.0]"
Donna,Scarpe_basse,Doppia Fibbia D169 Nero,89.9,89.9,"['Nero', 'Marrone']","[35.0, 36.0, 37.0, 38.0, 39.0, 40.0, 41.0, 42.0]"
Donna,Scarpe_basse,Mocassino con moschettone D11 Cavallino Bianco Nero,99.9,99.9,"['Nero', 'Maculato']","[35.0, 36.0, 37.0, 38.0, 39.0, 40.0, 41.0, 42.0]"
Donna,Scarpe_basse,Mocassino Penny A7 Vitello Blu,79.9,79.9,"['Blu', 'Nero', 'Nero', 'Nero', 'Bianco', 'Giallo', 'Rosa', 'Cuoio', 'Blu']","[35.0, 36.0, 37.0, 38.0, 39.0, 40.0, 41.0, 42.0]"
Donna,Scarpe_basse,Mocassino con moschettone D10N Nero,99.9,99.9,"['Nero', 'Nero']","[35.0, 36.0, 37.0, 38.0, 39.0, 40.0, 41.0, 42.0]"
Donna,Scarpe_basse,Mocassino D10S Cuoio,99.9,99.9,"['Cuoio', 'Beige']","[35.0, 36.0, 37.0, 38.0, 39.0, 40.0, 41.0, 42.0]"
Donna,Scarpe_basse,Mocassino D9S Blu,89.9,89.9,"['Blu', 'Nero', 'Bordeaux']","[35.0, 36.0, 37.0, 38.0, 39.0, 40.0, 41.0]"
Donna,Scarpe_basse,Mocassino con moschettone D11 Cavallino,99.9,99.9,"['Maculato', 'Nero']","[35.0, 36.0, 37.0, 38.0, 39.0, 40.0, 41.0, 42.0]"
Donna,Scarpe_basse,Mocassino con moschettone D10N Vernice Nero,99.9,99.9,"['Nero', 'Nero']","[35.0, 36.0, 37.0, 38.0, 39.0, 40.0, 41.0]"
Donna,Scarpe_basse,Mocassino D9S Abrasivato Nero,89.9,89.9,"['Nero', 'Blu', 'Bordeaux']","[35.0, 36.0, 37.0, 38.0, 39.0, 40.0, 41.0]"
Donna,Scarpe_basse,Mocassino D9S Bordeaux,89.9,89.9,"['Bordeaux', 'Blu', 'Nero']","[35.0, 36.0, 37.0, 38.0, 39.0, 40.0, 41.0]"
Donna,Scarpe_basse,Mocassino D10S Nabuck Beige Verde,99.9,99.9,"['Beige', 'Cuoio']","[35.0, 36.0, 37.0, 38.0, 39.0, 40.0, 41.0, 42.0]"
Donna,Scarpe_basse,Mocassino con moschettone D10 Vernice Nero,99.9,99.9,['Nero'],"[36.0, 37.0, 38.0, 39.0, 40.0, 41.0]"
Donna,Scarpe_basse,Mocassino D890B Verde,62.9,89.9,['Verde'],"[34.0, 35.0, 36.0, 37.0, 38.0, 39.0, 40.0, 41.0, 42.0]"
Donna,Scarpe_basse,Mocassino Penny A7 Vernice Nero,79.9,79.9,"['Nero', 'Nero', 'Blu', 'Nero', 'Bianco', 'Giallo', 'Rosa', 'Cuoio', 'Blu']","[35.0, 36.0, 37.0, 38.0, 39.0, 40.0, 41.0, 42.0]"
Donna,Scarpe_basse,Mocassino Penny A7 Nero,79.9,79.9,"['Nero', 'Nero', 'Blu', 'Nero', 'Bianco', 'Giallo', 'Rosa', 'Cuoio', 'Blu']","[35.0, 36.0, 37.0, 38.0, 39.0, 40.0, 41.0, 42.0]"
Donna,Scarpe_basse,Mocassino Penny A7 Bianco,79.9,79.9,"['Bianco', 'Nero', 'Blu', 'Nero', 'Nero', 'Giallo', 'Rosa', 'Cuoio', 'Blu']","[35.0, 36.0, 37.0, 38.0, 39.0, 40.0, 41.0, 42.0]"
Donna,Scarpe_basse,Mocassino Penny A7 Ocra,79.9,79.9,"['Giallo', 'Nero', 'Blu', 'Nero', 'Nero', 'Bianco', 'Rosa', 'Cuoio', 'Blu']","[35.0, 36.0, 37.0, 38.0, 39.0, 40.0, 41.0, 42.0]"
Donna,Scarpe_basse,Mocassino Penny A7 Rosa,79.9,79.9,"['Rosa', 'Nero', 'Blu', 'Nero', 'Nero', 'Bianco', 'Giallo', 'Cuoio', 'Blu']","[35.0, 36.0, 37.0, 38.0, 39.0, 40.0, 41.0, 42.0]"
Donna,Scarpe_basse,Ballerina Mocassino D890 Suede Cuoio,63.9,79.9,"['Cuoio', 'Nero']","[35.0, 36.0, 37.0, 38.0, 39.0, 40.0, 41.0, 42.0]"
Donna,Scarpe_basse,Mocassino Penny A7 Nabuck Cuoio,79.9,79.9,"['Cuoio', 'Nero', 'Blu', 'Nero', 'Nero', 'Bianco', 'Giallo', 'Rosa', 'Blu']","[35.0, 36.0, 37.0, 38.0, 39.0, 40.0, 41.0, 42.0]"
Donna,Scarpe_basse,Mocassino Penny A7 Bordeaux,79.9,79.9,"['Blu', 'Nero', 'Blu', 'Nero', 'Nero', 'Bianco', 'Giallo', 'Rosa', 'Cuoio']","[35.0, 36.0, 37.0, 38.0, 39.0, 40.0, 41.0, 42.0]"
Donna,Scarpe_basse,Ballerina Mocassino D890 Nero,63.9,79.9,"['Nero', 'Cuoio']","[35.0, 36.0, 37.0, 38.0, 39.0, 40.0, 41.0, 42.0]"
Donna,Sneakers,Sneakers A1621S Laminato Rame,104.9,104.9,['Rame'],"[35.0, 36.0, 37.0, 38.0, 39.0, 40.0, 41.0, 42.0]"
Donna,Sneakers,Sneakers A8859 Bianco,99.9,99.9,"['Bianco', 'Cuoio', 'Beige', 'Nero', 'Beige', 'Beige']","[35.0, 36.0, 37.0, 38.0, 39.0, 40.0, 41.0]"
Donna,Sneakers,Sneakers A8859 Cuoio,99.9,99.9,"['Cuoio', 'Bianco', 'Beige', 'Nero', 'Beige', 'Beige']","[35.0, 36.0, 37.0, 38.0, 39.0, 40.0, 41.0]"
Donna,Sneakers,Sneakers A8859 Beige,99.9,99.9,"['Beige', 'Bianco', 'Cuoio', 'Nero', 'Beige', 'Beige']","[35.0, 36.0, 37.0, 38.0, 39.0, 40.0, 41.0]"
Donna,Sneakers,Sneakers A8859 Nero,99.9,99.9,"['Nero', 'Bianco', 'Cuoio', 'Beige', 'Beige', 'Beige']","[35.0, 36.0, 37.0, 38.0, 39.0, 40.0, 41.0]"
Donna,Sneakers,Sneakers donna A1603B Bianco,79.9,79.9,"['Bianco', 'Blu', 'Argento']","[35.0, 36.0, 37.0, 38.0, 39.0, 40.0, 41.0, 42.0]"
Donna,Sneakers,Sneakers donna A1603B Blu,79.9,79.9,"['Blu', 'Bianco', 'Argento']","[35.0, 36.0, 37.0, 38.0, 39.0, 40.0, 41.0, 42.0]"
Donna,Sneakers,Sneakers donna A1603B Bianco Argento,79.9,79.9,"['Argento', 'Bianco', 'Blu']","[35.0, 36.0, 37.0, 38.0, 39.0, 40.0, 41.0, 42.0]"
Donna,Sneakers,Sneakers D022 Bianco,79.9,79.9,['Bianco'],"[35.0, 36.0, 37.0, 38.0, 39.0, 40.0, 41.0, 42.0]"
Donna,Sneakers,Sneakers D022 Nero con Suola Nera,79.9,79.9,"['Nero', 'Nero']","[35.0, 36.0, 37.0, 38.0, 39.0, 40.0, 41.0, 42.0]"
Donna,Sneakers,Sneakers D022 Nero,79.9,79.9,"['Nero', 'Nero']","[35.0, 36.0, 37.0, 38.0, 39.0, 40.0, 41.0, 42.0]"
Donna,Sneakers,Sneakers A039 Nero Verde,99.9,99.9,"['Multicolor', 'Bianco', 'Bianco', 'Bianco', 'Azzurro']","[35.0, 36.0, 37.0, 38.0, 39.0, 40.0, 41.0]"
Donna,Sneakers,Sneakers A042 Nero Verde,79.9,79.9,"['Multicolor', 'Bianco', 'Blu', 'Argento', 'Cuoio', 'Bianco', '']","[35.0, 36.0, 37.0, 38.0, 39.0, 40.0, 41.0]"
Donna,Sneakers,Sneakers A047 Wafer,83.9,104.9,"['Cuoio', 'Beige']","[35.0, 36.0, 37.0, 38.0, 39.0, 40.0, 41.0]"
Donna,Sneakers,Sneakers A047 Beige,83.9,104.9,"['Beige', 'Cuoio']","[35.0, 36.0, 37.0, 38.0, 39.0, 40.0, 41.0]"
Donna,Sneakers,Sneakers A039 Corallo,99.9,99.9,"['Bianco', 'Multicolor', 'Bianco', 'Bianco', 'Azzurro']","[35.0, 36.0, 37.0, 38.0, 39.0, 40.0, 41.0]"
Donna,Sneakers,Sneakers A039 Bianco Grigio,99.9,99.9,"['Bianco', 'Multicolor', 'Bianco', 'Bianco', 'Azzurro']","[35.0, 36.0, 37.0, 38.0, 39.0, 40.0, 41.0]"
Donna,Sneakers,Sneakers A039 Lilla Sabbia,99.9,99.9,"['Bianco', 'Multicolor', 'Bianco', 'Bianco', 'Azzurro']","[35.0, 36.0, 37.0, 38.0, 39.0, 40.0, 41.0, 42.0]"
Donna,Sneakers,Sneakers A039 Nabuck Blu,99.9,99.9,"['Azzurro', 'Multicolor', 'Bianco', 'Bianco', 'Bianco']","[35.0, 36.0, 37.0, 38.0, 39.0, 40.0, 41.0, 42.0]"
Donna,Sneakers,Sneakers donna A1596 Bianco,89.9,89.9,['Bianco'],"[35.0, 36.0, 37.0, 38.0, 39.0, 40.0, 41.0, 42.0]"
Donna,Sneakers,Sneakers donna A1596 Blu,89.9,89.9,['Blu'],"[35.0, 36.0, 37.0, 38.0, 39.0, 40.0, 41.0, 42.0]"
Donna,Sneakers,Sneakers donna D1596 Nero,89.9,89.9,"['Nero', 'Grigio']","[35.0, 36.0, 37.0, 38.0, 39.0, 40.0, 41.0, 42.0]"
Donna,Sneakers,Sneakers D1596 Stampa Pitone Grigio,89.9,89.9,"['Grigio', 'Nero']","[35.0, 36.0, 37.0, 38.0, 39.0, 40.0, 41.0, 42.0]"
Donna,Sneakers,Sneakers A8859 Nocciola,99.9,99.9,"['Beige', 'Bianco', 'Cuoio', 'Beige', 'Nero', 'Beige']","[35.0, 36.0, 37.0, 38.0, 39.0, 40.0, 41.0]"
Donna,Sneakers,Sneakers A8859 Beige Bianco,99.9,99.9,"['Beige', 'Bianco', 'Cuoio', 'Beige', 'Nero', 'Beige']","[35.0, 36.0, 37.0, 38.0, 39.0, 40.0, 41.0]"
Donna,Sneakers,Sneakers A042 Bianco Rosa,79.9,79.9,"['Bianco', 'Multicolor', 'Blu', 'Argento', 'Cuoio', 'Bianco', '']","[35.0, 36.0, 37.0, 38.0, 39.0, 40.0, 41.0, 42.0]"
Donna,Sneakers,Sneakers A042 Blu,79.9,79.9,"['Blu', 'Multicolor', 'Bianco', 'Argento', 'Cuoio', 'Bianco', '']","[35.0, 36.0, 37.0, 38.0, 39.0, 40.0, 41.0, 42.0]"
Donna,Sneakers,Sneakers A042 Argento-Bianco,79.9,79.9,"['Argento', 'Multicolor', 'Bianco', 'Blu', 'Cuoio', 'Bianco', '']","[35.0, 36.0, 37.0, 38.0, 39.0, 40.0, 41.0, 42.0]"
Donna,Sneakers,Sneakers A042 Cuoio,79.9,79.9,"['Cuoio', 'Multicolor', 'Bianco', 'Blu', 'Argento', 'Bianco', '']","[35.0, 36.0, 37.0, 38.0, 39.0, 40.0, 41.0, 42.0]"
Donna,Sneakers,Sneakers A042 Bianco-Oro,79.9,79.9,"['Bianco', 'Multicolor', 'Bianco', 'Blu', 'Argento', 'Cuoio', '']","[35.0, 36.0, 37.0, 38.0, 39.0, 40.0, 41.0, 42.0]"
Donna,Sneakers,Sneakers A042 Laminato Argento,79.9,79.9,"['', 'Multicolor', 'Bianco', 'Blu', 'Argento', 'Cuoio', 'Bianco']","[35.0, 36.0, 37.0, 38.0, 39.0, 40.0, 41.0, 42.0]"
Donna,Sneakers,Sneakers A041 Bianco,44.9,89.9,['Bianco'],"[35.0, 36.0, 37.0, 38.0, 39.0, 40.0, 41.0, 42.0]"
Donna,Sneakers,Sneakers D043 Laminato Nero,62.9,89.9,"['Nero', 'Bianco', 'Rosso', 'Cipria']","[35.0, 36.0, 37.0, 38.0, 39.0, 40.0, 41.0, 42.0]"
Donna,Sneakers,Sneakers D043 Bianco,62.9,89.9,"['Bianco', 'Nero', 'Rosso', 'Cipria']","[35.0, 36.0, 37.0, 38.0, 39.0, 40.0, 41.0, 42.0]"
Donna,Sneakers,Sneakers D043 Rosso,62.9,89.9,"['Rosso', 'Nero', 'Bianco', 'Cipria']","[35.0, 36.0, 37.0, 38.0, 39.0, 40.0, 41.0, 42.0]"
Donna,Sneakers,Sneakers D043 Perlato Cipria,62.9,89.9,"['Cipria', 'Nero', 'Bianco', 'Rosso']","[35.0, 36.0, 37.0, 38.0, 39.0, 40.0, 41.0, 42.0]"
Donna,Sneakers,Sneakers A044 Vernice Bianco,69.9,99.9,"['Bianco', 'Nero', 'Cuoio']","[35.0, 36.0, 37.0, 38.0, 39.0, 40.0, 41.0]"
Donna,Sneakers,Sneakers A044 Nero,69.9,99.9,"['Nero', 'Bianco', 'Cuoio']","[35.0, 36.0, 37.0, 38.0, 39.0, 40.0, 41.0, 42.0]"
Donna,Sneakers,Sneakers A044 Cuoio,69.9,99.9,"['Cuoio', 'Bianco', 'Nero']","[35.0, 36.0, 37.0, 38.0, 39.0, 40.0, 41.0, 42.0]"
Donna,Sneakers,Sneakers A045 Rosa Grigio,73.4,104.9,"['Rosa', 'Platino']","[35.0, 36.0, 37.0, 38.0, 39.0, 40.0, 41.0, 42.0]"
Donna,Sneakers,Sneakers A045 Platino,73.4,104.9,"['Platino', 'Rosa']","[35.0, 36.0, 37.0, 38.0, 39.0, 40.0, 41.0, 42.0]"
Donna,Sneakers,Sneakers A1617 Bianco,63.9,79.9,"['Bianco', 'Rosa']","[35.0, 36.0, 37.0, 38.0, 39.0, 40.0, 41.0, 42.0]"
Donna,Sneakers,Sneakers A1617 Rosa,63.9,79.9,"['Rosa', 'Bianco']","[35.0, 36.0, 37.0, 38.0, 39.0, 40.0, 41.0, 42.0]"
Donna,Sneakers,Sneakers A1620 con Suola Bassa Cuoio,42.45,84.9,"['Cuoio', 'Bianco', 'Rosa']","[35.0, 36.0, 37.0, 38.0, 39.0, 40.0, 41.0, 42.0]"
Donna,Sneakers,Sneakers A1620 Bianco Fuxia,42.45,84.9,"['Bianco', 'Cuoio', 'Rosa']","[35.0, 36.0, 37.0, 38.0, 39.0, 40.0, 41.0, 42.0]"
Donna,Sneakers,Sneakers A1620 Perlato,42.45,84.9,"['Rosa', 'Cuoio', 'Bianco']","[35.0, 36.0, 37.0, 38.0, 39.0, 40.0, 41.0, 42.0]"
Donna,Sneakers,Sneakers Chelsea D055 Testa di Moro,73.4,104.9,"['T.Moro', 'Nero']","[35.0, 36.0, 37.0, 38.0, 39.0, 40.0, 41.0, 42.0]"
Donna,Sneakers,Sneakers Chelsea D055 Nero,73.4,104.9,"['Nero', 'T.Moro']","[35.0, 36.0, 37.0, 38.0, 39.0, 40.0, 41.0, 42.0]"
Donna,Sneakers,Sneakers A8858 Bianco Rosa,53.9,89.9,"['Bianco', 'Celeste']","[35.0, 36.0, 37.0, 38.0, 39.0, 40.0, 41.0]"
Donna,Sneakers,Sneakers A8858 Carta da Zucchero,53.9,89.9,"['Celeste', 'Bianco']","[35.0, 36.0, 37.0, 38.0, 39.0, 40.0, 41.0]"
Donna,Sneakers,Sneakers A7285 Bianco Verde,50.0,84.9,['Bianco'],"[35.0, 36.0, 37.0, 38.0, 39.0, 40.0, 41.0]"
Donna,Sneakers,Sneakers D076 Panna,69.9,99.9,['Beige'],"[35.0, 36.0, 37.0, 38.0, 39.0, 40.0, 41.0]"
Donna,Sneakers,Sneakers A050 Laminato Nero,39.95,99.9,['Nero'],"[35.0, 36.0, 37.0, 38.0, 39.0, 40.0, 41.0]"
Donna,Sneakers,Sneakers D051 Laminato Nero,39.95,99.9,['Nero'],"[35.0, 36.0, 37.0, 38.0, 39.0, 40.0, 41.0]"
Donna,Sneakers,Sneakers A052 Suede Cuoio,37.95,94.9,"['Cuoio', 'Rosa']","[35.0, 36.0, 37.0, 38.0, 39.0, 40.0, 41.0]"
Donna,Sneakers,Sneakers A052 Suede Rosa,37.95,94.9,"['Rosa', 'Cuoio']","[35.0, 36.0, 37.0, 38.0, 39.0, 40.0, 41.0]"
Uomo,Doppia_fibbia,Mocassino Doppia Fibbia BRYCE Ingrassato Blu,119.9,119.9,"['Blu', 'T.Moro']","[39.0, 40.0, 41.0, 42.0, 43.0, 44.0, 45.0, 46.0]"
Uomo,Doppia_fibbia,Mocassino Doppia Fibbia BRYCE Ingrassato Testa di Moro,119.9,119.9,"['T.Moro', 'Blu']","[39.0, 40.0, 41.0, 42.0, 43.0, 44.0, 45.0, 46.0]"
Uomo,Doppia_fibbia,Doppia Fibbia AARON Cuoio,114.9,114.9,"['Cuoio', 'Nero']","[39.0, 40.0, 41.0, 42.0, 43.0, 44.0, 45.0, 46.0]"
Uomo,Doppia_fibbia,Doppia Fibbia AARON Abrasivato Nero,114.9,114.9,"['Nero', 'Cuoio']","[39.0, 40.0, 41.0, 42.0, 43.0, 44.0, 45.0, 46.0]"
Uomo,Goodyear,Stringata Oxford Goodyear Welted 1.010 Abrasivato Nero,179.9,179.9,"['Nero', 'Bordeaux']","[39.0, 40.0, 41.0, 42.0, 43.0, 44.0, 45.0, 46.0]"
Uomo,Goodyear,Stringata Oxford Goodyear Welted 6.020 Abrasivato Nero,159.9,159.9,['Nero'],"[39.0, 40.0, 41.0, 42.0, 43.0, 44.0, 45.0, 46.0]"
Uomo,Goodyear,Stringata Oxford Goodyear Welted 1.010 Abrasivato Bordeaux,179.9,179.9,"['Bordeaux', 'Nero']","[39.0, 40.0, 41.0, 42.0, 43.0, 44.0, 45.0, 46.0]"
Uomo,Mocassini_slip_on,Mocassino Penny HUNTER Nero,104.9,104.9,['Nero'],"[39.0, 40.0, 41.0, 42.0, 43.0, 44.0, 45.0, 46.0]"
Uomo,Mocassini_slip_on,Mocassino Barca HOWARD Cuoio,94.9,94.9,"['Cuoio', 'T.Moro']","[39.0, 40.0, 41.0, 42.0, 43.0, 44.0, 45.0, 46.0]"
Uomo,Mocassini_slip_on,Mocassino Penny FRANK Abrasivato Petrolio,109.9,109.9,"['Blu', 'Nero', 'Bordeaux', 'Blu']","[39.0, 40.0, 41.0, 42.0, 43.0, 44.0, 45.0, 46.0]"
Uomo,Mocassini_slip_on,Mocassino Penny FRANK Abrasivato Nero,109.9,109.9,"['Nero', 'Blu', 'Bordeaux', 'Blu']","[39.0, 40.0, 41.0, 42.0, 43.0, 44.0, 45.0, 46.0]"
Uomo,Mocassini_slip_on,Mocassino Penny FRANK Abrasivato Bordeaux,109.9,109.9,"['Bordeaux', 'Blu', 'Nero', 'Blu']","[39.0, 40.0, 41.0, 42.0, 43.0, 44.0, 45.0, 46.0]"
Uomo,Mocassini_slip_on,Mocassino Penny FRANK Abrasivato Blu,109.9,109.9,"['Blu', 'Blu', 'Nero', 'Bordeaux']","[39.0, 40.0, 41.0, 42.0, 43.0, 44.0, 45.0, 46.0]"
Uomo,Mocassini_slip_on,Mocassino Penny LUKE Suede Ruggine,104.9,104.9,"['Ruggine', 'Beige']","[39.0, 40.0, 41.0, 42.0, 43.0, 44.0, 45.0, 46.0]"
Uomo,Mocassini_slip_on,Mocassino Penny LUKE Suede Tortora,104.9,104.9,"['Beige', 'Ruggine']","[39.0, 40.0, 41.0, 42.0, 43.0, 44.0, 45.0, 46.0]"
Uomo,Mocassini_slip_on,Mocassino Doppia Fibbia BRYCE Ingrassato Blu,119.9,119.9,"['Blu', 'T.Moro']","[39.0, 40.0, 41.0, 42.0, 43.0, 44.0, 45.0, 46.0]"
Uomo,Mocassini_slip_on,Mocassino con Moschettone KEN Nero,124.9,124.9,['Nero'],"[39.0, 40.0, 41.0, 42.0, 43.0, 44.0, 45.0, 46.0]"
Uomo,Mocassini_slip_on,Mocassino Doppia Fibbia BRYCE Ingrassato Testa di Moro,119.9,119.9,"['T.Moro', 'Blu']","[39.0, 40.0, 41.0, 42.0, 43.0, 44.0, 45.0, 46.0]"
Uomo,Mocassini_slip_on,Mocassino Tassel SMITH Nabuck Blu,114.9,114.9,"['Blu', 'Nero', 'Cuoio']","[39.0, 40.0, 41.0, 42.0, 43.0, 44.0, 45.0, 46.0]"
Uomo,Mocassini_slip_on,Mocassino Tassel SMITH Abrasivato Nero,114.9,114.9,"['Nero', 'Blu', 'Cuoio']","[39.0, 40.0, 41.0, 42.0, 43.0, 44.0, 45.0, 46.0]"
Uomo,Mocassini_slip_on,Mocassino DONALD Blu,80.0,104.9,"['Blu', 'Cuoio']","[39.0, 40.0, 41.0, 42.0, 43.0, 44.0, 45.0, 46.0]"
Uomo,Mocassini_slip_on,Mocassino Barca HOWARD Testa di Moro,94.9,94.9,"['T.Moro', 'Cuoio']","[39.0, 40.0, 41.0, 42.0, 43.0, 44.0, 45.0, 46.0]"
Uomo,Mocassini_slip_on,Mocassino Tassel SMITH Cuoio,114.9,114.9,"['Cuoio', 'Blu', 'Nero']","[39.0, 40.0, 41.0, 42.0, 43.0, 44.0, 45.0, 46.0]"
Uomo,Mocassini_slip_on,Mocassino DONALD Cuoio,80.0,104.9,"['Cuoio', 'Blu']","[39.0, 40.0, 41.0, 42.0, 43.0, 44.0, 45.0, 46.0]"
Uomo,Mocassini_slip_on,Sneakers Mocassino FLYNN Camoscio Blu,40.0,84.9,"['Blu', 'Tabacco']","[39.0, 40.0, 41.0, 42.0, 43.0, 44.0, 45.0, 46.0]"
Uomo,Mocassini_slip_on,Sneakers Mocassino FLYNN Camoscio Tabacco,40.0,84.9,"['Tabacco', 'Blu']","[39.0, 40.0, 41.0, 42.0, 43.0, 44.0, 45.0, 46.0]"
Uomo,Mocassini_slip_on,Mocassino ETHAN Suede Verde,69.9,69.9,"['Verde', 'Giallo', 'Blu']","[39.0, 40.0, 41.0, 42.0, 43.0, 44.0, 45.0, 46.0]"
Uomo,Mocassini_slip_on,Mocassino ETHAN Suede Giallo,69.9,69.9,"['Giallo', 'Verde', 'Blu']","[39.0, 40.0, 41.0, 42.0, 43.0, 44.0, 45.0, 46.0]"
Uomo,Mocassini_slip_on,Mocassino ETHAN Vitello Blu,69.9,69.9,"['Blu', 'Verde', 'Giallo']","[39.0, 40.0, 41.0, 42.0, 43.0, 44.0, 45.0, 46.0]"
Uomo,Mocassini_slip_on,Sneakers Barca URONALD Marrone,94.9,94.9,"['Marrone', 'Blu']","[39.0, 40.0, 41.0, 42.0, 43.0, 44.0, 45.0, 46.0]"
Uomo,Mocassini_slip_on,Sneakers Barca URONALD Blu,94.9,94.9,"['Blu', 'Marrone']","[39.0, 40.0, 41.0, 42.0, 43.0, 44.0, 45.0, 46.0]"
Uomo,Mocassini_slip_on,Espadrilla Uomo CALI Suede Tabacco,59.9,59.9,"['Marrone', 'Arancio', 'Blu', 'Beige']","[39.0, 40.0, 41.0, 42.0, 43.0, 44.0, 45.0, 46.0]"
Uomo,Mocassini_slip_on,Espadrilla Uomo CALI Suede Arancio,59.9,59.9,"['Arancio', 'Marrone', 'Blu', 'Beige']","[39.0, 40.0, 41.0, 42.0, 43.0, 44.0, 45.0, 46.0]"
Uomo,Mocassini_slip_on,Espadrilla Uomo CALI Suede Avio,59.9,59.9,"['Blu', 'Marrone', 'Arancio', 'Beige']","[39.0, 40.0, 41.0, 42.0, 43.0, 44.0, 45.0, 46.0]"
Uomo,Mocassini_slip_on,Espadrilla Uomo CALI Suede Sabbia,59.9,59.9,"['Beige', 'Marrone', 'Arancio', 'Blu']","[39.0, 40.0, 41.0, 42.0, 43.0, 44.0, 45.0, 46.0]"
Uomo,Polacchini,Stivaletto Desert OSCAR Camoscio Verde,99.9,99.9,"['Verde', 'Cuoio', 'Blu']","[39.0, 40.0, 41.0, 42.0, 43.0, 44.0, 45.0, 46.0]"
Uomo,Polacchini,Stivaletto Desert OSCAR Camoscio Cuoio,99.9,99.9,"['Cuoio', 'Verde', 'Blu']","[39.0, 40.0, 41.0, 42.0, 43.0, 44.0, 45.0, 46.0]"
Uomo,Polacchini,Stivaletto Desert OSCAR Camoscio Blu,99.9,99.9,"['Blu', 'Verde', 'Cuoio']","[39.0, 40.0, 41.0, 42.0, 43.0, 44.0, 45.0, 46.0]"
Uomo,Polacchini,Stivaletto Desert NATHAN Camoscio Testa di Moro,69.9,69.9,"['T.Moro', 'Blu', 'Nero', 'Beige', 'Blu']","[39.0, 40.0, 41.0, 42.0, 43.0, 44.0, 45.0, 46.0]"
Uomo,Polacchini,Stivaletto Desert NATHAN Camoscio Blu,69.9,69.9,"['Blu', 'T.Moro', 'Nero', 'Beige', 'Blu']","[39.0, 40.0, 41.0, 42.0, 43.0, 44.0, 45.0, 46.0]"
Uomo,Polacchini,Stivaletto Desert NATHAN Camoscio Nero,69.9,69.9,"['Nero', 'T.Moro', 'Blu', 'Beige', 'Blu']","[39.0, 40.0, 41.0, 42.0, 43.0, 44.0, 45.0, 46.0]"
Uomo,Polacchini,Stivaletto Desert NATHAN Nabuck Beige,69.9,69.9,"['Beige', 'T.Moro', 'Blu', 'Nero', 'Blu']","[39.0, 40.0, 41.0, 42.0, 43.0, 44.0, 45.0, 46.0]"
Uomo,Polacchini,Stivaletto Desert NATHAN Nabuck Blu,69.9,69.9,"['Blu', 'T.Moro', 'Blu', 'Nero', 'Beige']","[39.0, 40.0, 41.0, 42.0, 43.0, 44.0, 45.0, 46.0]"
Uomo,Sandali,Sandalo Ciabatta U106 Bianco,40.0,59.9,['Bianco'],"[39.0, 40.0, 41.0, 42.0, 43.0, 44.0, 45.0, 46.0]"
Uomo,Sandali,Sandalo Ciabatta U104 Nabuck Cuoio,45.0,59.9,"['Cuoio', 'Nero']","[39.0, 40.0, 41.0, 42.0, 43.0, 44.0, 45.0, 46.0]"
Uomo,Sandali,Sandalo Ciabatta U104 Nabuck Nero,45.0,59.9,"['Nero', 'Cuoio']","[39.0, 40.0, 41.0, 42.0, 43.0, 44.0, 45.0, 46.0]"
Uomo,Sandali,Sandalo Ciabatta U117 Grigio,45.0,59.9,['Grigio'],"[39.0, 40.0, 41.0, 42.0, 43.0, 44.0, 45.0, 46.0]"
Uomo,Sandali,Sandalo Infradito U102 Castagno,45.0,59.9,['Marrone'],"[39.0, 40.0, 41.0, 42.0, 43.0, 44.0, 45.0, 46.0]"
Uomo,Sneakers,Sneakers Mocassino FLYNN Camoscio Blu,40.0,84.9,"['Blu', 'Tabacco']","[39.0, 40.0, 41.0, 42.0, 43.0, 44.0, 45.0, 46.0]"
Uomo,Sneakers,Sneakers Mocassino FLYNN Camoscio Tabacco,40.0,84.9,"['Tabacco', 'Blu']","[39.0, 40.0, 41.0, 42.0, 43.0, 44.0, 45.0, 46.0]"
Uomo,Sneakers,Sneakers COLIN Nero Verde,84.9,84.9,"['Nero', 'Nero', 'Bianco/Blu', 'Bianco']","[39.0, 40.0, 41.0, 42.0, 43.0, 44.0, 45.0, 46.0]"
Uomo,Sneakers,Sneakers LIAM Testa di Moro,109.9,109.9,"['T.Moro', 'Grigio']","[39.0, 40.0, 41.0, 42.0, 43.0, 44.0, 45.0, 46.0]"
Uomo,Sneakers,Sneakers BILL Verdone,99.9,99.9,"['Verde', 'Cuoio', 'Nero', 'Blu', 'Grigio', 'Nero', 'Verde']","[39.0, 40.0, 41.0, 42.0, 43.0, 44.0, 45.0, 46.0]"
Uomo,Sneakers,Sneakers LIAM Petrolio,109.9,109.9,"['Grigio', 'T.Moro']","[39.0, 40.0, 41.0, 42.0, 43.0, 44.0, 45.0, 46.0]"
Uomo,Sneakers,Sneakers BILL Cuoio,99.9,99.9,"['Cuoio', 'Verde', 'Nero', 'Blu', 'Grigio', 'Nero', 'Verde']","[39.0, 40.0, 41.0, 42.0, 43.0, 44.0, 45.0, 46.0]"
Uomo,Sneakers,Sneakers BILL Nero con Suola Nera,99.9,99.9,"['Nero', 'Verde', 'Cuoio', 'Blu', 'Grigio', 'Nero', 'Verde']","[39.0, 40.0, 41.0, 42.0, 43.0, 44.0, 45.0, 46.0]"
Uomo,Sneakers,Sneakers BILL Blu,99.9,99.9,"['Blu', 'Verde', 'Cuoio', 'Nero', 'Grigio', 'Nero', 'Verde']","[39.0, 40.0, 41.0, 42.0, 43.0, 44.0, 45.0, 46.0]"
Uomo,Sneakers,Sneakers BILL Spazzolato Grigio,99.9,99.9,"['Grigio', 'Verde', 'Cuoio', 'Nero', 'Blu', 'Nero', 'Verde']","[39.0, 40.0, 41.0, 42.0, 43.0, 44.0, 45.0, 46.0]"
Uomo,Sneakers,Sneakers BILL Nero,99.9,99.9,"['Nero', 'Verde', 'Cuoio', 'Nero', 'Blu', 'Grigio', 'Verde']","[39.0, 40.0, 41.0, 42.0, 43.0, 44.0, 45.0, 46.0]"
Uomo,Sneakers,Sneakers CONNOR Nabuck Blu,94.9,94.9,"['Blu', 'Bianco', 'Bianco', 'Nero']","[39.0, 40.0, 41.0, 42.0, 43.0, 44.0, 45.0, 46.0]"
Uomo,Sneakers,Sneakers CONNOR Bianco Bordeaux Giallo,94.9,94.9,"['Bianco', 'Blu', 'Bianco', 'Nero']","[39.0, 40.0, 41.0, 42.0, 43.0, 44.0, 45.0, 46.0]"
Uomo,Sneakers,Sneakers CONNOR Bianco Blu,94.9,94.9,"['Bianco', 'Blu', 'Bianco', 'Nero']","[39.0, 40.0, 41.0, 42.0, 43.0, 44.0, 45.0, 46.0]"
Uomo,Sneakers,Sneakers BRUCE Sabbia,94.9,94.9,"['Beige', 'Bianco', 'T.Moro', 'Blu']","[39.0, 40.0, 41.0, 42.0, 43.0, 44.0, 45.0, 46.0]"
Uomo,Sneakers,Sneakers BRUCE Bianco Cuoio,94.9,94.9,"['Bianco', 'Beige', 'T.Moro', 'Blu']","[39.0, 40.0, 41.0, 42.0, 43.0, 44.0, 45.0]"
Uomo,Sneakers,Sneakers BRUCE Verde,94.9,94.9,['Multicolor'],"[39.0, 40.0, 41.0, 42.0, 43.0, 44.0, 45.0]"
Uomo,Sneakers,Sneakers BRUCE Testa di Moro,94.9,94.9,"['T.Moro', 'Beige', 'Bianco', 'Blu']","[39.0, 40.0, 41.0, 42.0, 43.0, 44.0, 45.0, 46.0]"
Uomo,Sneakers,Sneakers NICK Bianco,99.9,99.9,"['Bianco', 'Cuoio']","[39.0, 40.0, 41.0, 42.0, 43.0, 44.0, 45.0, 46.0]"
Uomo,Sneakers,Sneakers NICK Cuoio,99.9,99.9,"['Cuoio', 'Bianco']","[39.0, 40.0, 41.0, 42.0, 43.0, 44.0, 45.0, 46.0]"
Uomo,Sneakers,Sneakers CHAD con cerniera Bianco Nero,79.9,79.9,"['Bianco', 'Blu', 'Bianco']","[39.0, 40.0, 41.0, 42.0, 43.0, 44.0, 45.0, 46.0]"
Uomo,Sneakers,Sneakers CHAD Blu,79.9,79.9,"['Blu', 'Bianco', 'Bianco']","[39.0, 40.0, 41.0, 42.0, 43.0, 44.0, 45.0, 46.0]"
Uomo,Sneakers,Sneakers CHAD Bianco,79.9,79.9,"['Bianco', 'Bianco', 'Blu']","[39.0, 40.0, 41.0, 42.0, 43.0, 44.0, 45.0, 46.0]"
Uomo,Sneakers,Sneakers GIL Blu Grigio,75.9,94.9,"['Blu', 'Grigio']","[39.0, 40.0, 41.0, 42.0, 43.0, 44.0, 45.0, 46.0]"
Uomo,Sneakers,Sneakers GIL Nero Grigio,75.9,94.9,"['Grigio', 'Blu']","[39.0, 40.0, 41.0, 42.0, 43.0, 44.0, 45.0, 46.0]"
Uomo,Sneakers,Sneakers CONNOR Nero Verde,94.9,94.9,"['Nero', 'Blu', 'Bianco', 'Bianco']","[39.0, 40.0, 41.0, 42.0, 43.0, 44.0, 45.0, 46.0]"
Uomo,Sneakers,Sneakers COLIN Nero Bianco,84.9,84.9,"['Nero', 'Nero', 'Bianco/Blu', 'Bianco']","[39.0, 40.0, 41.0, 42.0, 43.0, 44.0, 45.0, 46.0]"
Uomo,Sneakers,Sneakers COLIN Bianco Blu,84.9,84.9,"['Bianco/Blu', 'Nero', 'Nero', 'Bianco']","[39.0, 40.0, 41.0, 42.0, 43.0, 44.0, 45.0, 46.0]"
Uomo,Sneakers,Sneakers COLIN Bianco Nero,84.9,84.9,"['Bianco', 'Nero', 'Nero', 'Bianco/Blu']","[39.0, 40.0, 41.0, 42.0, 43.0, 44.0, 45.0, 46.0]"
Uomo,Sneakers,Sneakers THOMAS Ocra,94.9,94.9,"['Ocra', 'Arancio', 'Bianco', 'Bianco', 'Blu']","[39.0, 40.0, 41.0, 42.0, 43.0, 44.0, 45.0, 46.0]"
Uomo,Sneakers,Sneakers THOMAS Blu Arancio Ghiaccio,94.9,94.9,"['Arancio', 'Ocra', 'Bianco', 'Bianco', 'Blu']","[39.0, 40.0, 41.0, 42.0, 43.0, 44.0, 45.0, 46.0]"
Uomo,Sneakers,Sneakers THOMAS Bianco Nero Rosso,94.9,94.9,"['Bianco', 'Ocra', 'Arancio', 'Bianco', 'Blu']","[39.0, 40.0, 41.0, 42.0, 43.0, 44.0, 45.0, 46.0]"
Uomo,Sneakers,Sneakers THOMAS Bianco Ghiaccio Blu,94.9,94.9,"['Bianco', 'Ocra', 'Arancio', 'Bianco', 'Blu']","[39.0, 40.0, 41.0, 42.0, 43.0, 44.0, 45.0, 46.0]"
Uomo,Sneakers,Sneakers THOMAS Blu,94.9,94.9,"['Blu', 'Ocra', 'Arancio', 'Bianco', 'Bianco']","[39.0, 40.0, 41.0, 42.0, 43.0, 44.0, 45.0, 46.0]"
Uomo,Sneakers,Sneakers BILL Nabuck Verde,99.9,99.9,"['Verde', 'Verde', 'Cuoio', 'Nero', 'Blu', 'Grigio', 'Nero']","[39.0, 40.0, 41.0, 42.0, 43.0, 44.0, 45.0, 46.0]"
Uomo,Sneakers,Sneakers BRUCE Grigio Blu,94.9,94.9,"['Blu', 'Beige', 'Bianco', 'T.Moro']","[39.0, 40.0, 41.0, 42.0, 43.0, 44.0, 45.0, 46.0]"
Uomo,Sneakers,Sneakers Barca URONALD Marrone,94.9,94.9,"['Marrone', 'Blu']","[39.0, 40.0, 41.0, 42.0, 43.0, 44.0, 45.0, 46.0]"
Uomo,Sneakers,Sneakers SEBASTIAN Blu,80.0,99.9,"['Blu', 'Tortora', 'Nero', 'Bordeaux']","[39.0, 40.0, 41.0, 42.0, 43.0, 44.0, 45.0, 46.0]"
Uomo,Sneakers,Sneakers SEBASTIAN Taupe,80.0,99.9,"['Tortora', 'Blu', 'Nero', 'Bordeaux']","[39.0, 40.0, 41.0, 42.0, 43.0, 44.0, 45.0, 46.0]"
Uomo,Sneakers,Sneakers SEBASTIAN Ingrassato Nero,80.0,99.9,"['Nero', 'Blu', 'Tortora', 'Bordeaux']","[39.0, 40.0, 41.0, 42.0, 43.0, 44.0, 45.0, 46.0]"
Uomo,Sneakers,Sneakers Barca URONALD Blu,94.9,94.9,"['Blu', 'Marrone']","[39.0, 40.0, 41.0, 42.0, 43.0, 44.0, 45.0, 46.0]"
Uomo,Sneakers,Sneakers SEBASTIAN Bordeaux Nero Blu,80.0,99.9,"['Bordeaux', 'Blu', 'Tortora', 'Nero']","[39.0, 40.0, 41.0, 42.0, 43.0, 44.0, 45.0, 46.0]"
Uomo,Sneakers,Sneakers LEE Nero,45.0,79.9,['Nero'],"[39.0, 40.0, 41.0, 42.0, 43.0, 44.0, 45.0, 46.0]"
Uomo,Sneakers,Sneaker MAISON Nero,80.0,99.9,"['Nero', 'Bordeaux']","[39.0, 40.0, 41.0, 42.0, 43.0, 44.0, 45.0, 46.0]"
Uomo,Sneakers,Sneaker MAISON Nero Bordeaux,80.0,99.9,"['Bordeaux', 'Nero']","[39.0, 40.0, 41.0, 42.0, 43.0, 44.0, 45.0, 46.0]"
Uomo,Sneakers,Sneakers CARL Bianco Nero,45.0,79.9,['Bianco'],"[39.0, 40.0, 41.0, 42.0, 43.0, 44.0, 45.0, 46.0]"
Uomo,Sneakers,Sneakers KEITH Celeste Bianco,65.0,99.9,"['Bianco', 'Giallo']","[39.0, 40.0, 41.0, 42.0, 43.0, 44.0, 45.0, 46.0]"
Uomo,Sneakers,Sneakers KEITH Verde Giallo,65.0,99.9,"['Giallo', 'Bianco']","[39.0, 40.0, 41.0, 42.0, 43.0, 44.0, 45.0, 46.0]"
Uomo,Sneakers,Sneakers EVANS Bianco Rosso,40.0,89.9,"['Bianco', 'Bianco']","[39.0, 40.0, 41.0, 42.0, 43.0, 44.0, 45.0, 46.0]"
Uomo,Sneakers,Sneakers EVANS Bianco Blu,40.0,89.9,"['Bianco', 'Bianco']","[39.0, 40.0, 41.0, 42.0, 43.0, 44.0, 45.0, 46.0]"
Uomo,Sneakers,Sneakers SETH Nero,35.0,79.9,['Nero'],"[39.0, 40.0, 41.0, 42.0, 43.0, 44.0, 45.0, 46.0]"
Uomo,Sneakers,Sneakers TIM Nero,35.0,79.9,['Nero'],"[39.0, 40.0, 41.0, 42.0, 43.0, 44.0, 45.0, 46.0]"
Uomo,Stivaletti_scarponcini,Stivaletto Chelsea GABRIEL Nero,114.9,114.9,"['Nero', 'Blu']","[39.0, 40.0, 41.0, 42.0, 43.0, 44.0, 45.0, 46.0]"
Uomo,Stivaletti_scarponcini,Stivaletto Chelsea GABRIEL Blu,114.9,114.9,"['Blu', 'Nero']","[39.0, 40.0, 41.0, 42.0, 43.0, 44.0, 45.0, 46.0]"
Uomo,Stivaletti_scarponcini,Stivaletto ASTON Nero,104.9,104.9,"['Nero', 'T.Moro']","[39.0, 40.0, 41.0, 42.0, 43.0, 44.0, 45.0, 46.0]"
Uomo,Stivaletti_scarponcini,Stivaletto ASTON Testa di Moro,104.9,104.9,"['T.Moro', 'Nero']","[39.0, 40.0, 41.0, 42.0, 43.0, 44.0, 45.0, 46.0]"
Uomo,Stivaletti_scarponcini,Stivaletto Anfibio RUPERT Nero,104.9,104.9,['Nero'],"[39.0, 40.0, 41.0, 42.0, 43.0, 44.0, 45.0, 46.0]"
Uomo,Stivaletti_scarponcini,Stivaletto Chelsea JUSTIN Nero,114.9,114.9,"['Nero', 'T.Moro', 'Blu']","[39.0, 40.0, 41.0, 42.0, 43.0, 44.0, 45.0, 46.0]"
Uomo,Stivaletti_scarponcini,Stivaletto Chelsea JUSTIN Testa di Moro,114.9,114.9,"['T.Moro', 'Nero', 'Blu']","[39.0, 40.0, 41.0, 42.0, 43.0, 44.0, 45.0, 46.0]"
Uomo,Stivaletti_scarponcini,Stivaletto NOAH Bordeaux Blu,129.9,129.9,"['Blu', 'T.Moro']","[39.0, 40.0, 41.0, 42.0, 43.0, 44.0, 45.0, 46.0]"
Uomo,Stivaletti_scarponcini,Stivaletto NOAH Suede Testa di Moro,129.9,129.9,"['T.Moro', 'Blu']","[39.0, 40.0, 41.0, 42.0, 43.0, 44.0, 45.0, 46.0]"
Uomo,Stivaletti_scarponcini,Stivaletto Chelsea JUSTIN Blu Marrone Bordeaux,114.9,114.9,"['Blu', 'Nero', 'T.Moro']","[39.0, 40.0, 41.0, 42.0, 43.0, 44.0, 45.0, 46.0]"
Uomo,Stivaletti_scarponcini,Scarponcino Anfibio BRAD Nero,99.9,99.9,['Nero'],"[39.0, 40.0, 41.0, 42.0, 43.0, 44.0, 45.0, 46.0]"
Uomo,Stivaletti_scarponcini,Stivaletto Chelsea ELVIS Nero,84.9,84.9,"['Nero', 'Nero', 'Bordeaux']","[39.0, 40.0, 41.0, 42.0, 43.0, 44.0, 45.0, 46.0]"
Uomo,Stivaletti_scarponcini,Stivaletto GERRY Suede Testa di Moro,80.0,104.9,"['T.Moro', 'Verde', 'Nero']","[39.0, 40.0, 41.0, 42.0, 43.0, 44.0, 45.0, 46.0]"
Uomo,Stivaletti_scarponcini,Stivaletto GERRY Suede Verde,80.0,104.9,"['Verde', 'T.Moro', 'Nero']","[39.0, 40.0, 41.0, 42.0, 43.0, 44.0, 45.0, 46.0]"
Uomo,Stivaletti_scarponcini,Stivaletto DYLAN Grigio,75.0,109.9,['Grigio'],"[39.0, 40.0, 41.0, 42.0, 43.0, 44.0, 45.0, 46.0]"
Uomo,Stivaletti_scarponcini,Stivaletto Chelsea RASS Nero,119.9,119.9,"['Nero', 'Cuoio']","[39.0, 40.0, 41.0, 42.0, 43.0, 44.0, 45.0, 46.0]"
Uomo,Stivaletti_scarponcini,Stivaletto Chelsea RASS Cuoio,119.9,119.9,"['Cuoio', 'Nero']","[39.0, 40.0, 41.0, 42.0, 43.0, 44.0, 45.0, 46.0]"
Uomo,Stivaletti_scarponcini,Stivaletto Chelsea ELVIS Nero con Suola Nera,99.9,99.9,"['Nero', 'Nero', 'Bordeaux']","[39.0, 40.0, 41.0, 42.0, 43.0, 44.0, 45.0, 46.0]"
Uomo,Stivaletti_scarponcini,Stivaletto GERRY Nero,104.9,104.9,"['Nero', 'T.Moro', 'Verde']","[39.0, 40.0, 41.0, 42.0, 43.0, 44.0, 45.0, 46.0]"
Uomo,Stivaletti_scarponcini,Stivaletto Chelsea ELVIS Abrasivato Bordeaux,55.0,84.9,"['Bordeaux', 'Nero', 'Nero']","[39.0, 40.0, 41.0, 42.0, 43.0, 44.0, 45.0, 46.0]"
Uomo,Stivaletti_scarponcini,Scarponcino M302 Nabuck Blu,62.9,89.9,"['Blu', 'Grigio', 'Giallo']","[39.0, 40.0, 41.0, 42.0, 43.0, 44.0, 45.0, 46.0]"
Uomo,Stivaletti_scarponcini,Scarponcino M302 Grigio,62.9,89.9,"['Grigio', 'Blu', 'Giallo']","[39.0, 40.0, 41.0, 42.0, 43.0, 44.0, 45.0, 46.0]"
Uomo,Stivaletti_scarponcini,Scarponcino M302 Nabuck Giallo,62.9,89.9,"['Giallo', 'Blu', 'Grigio']","[39.0, 40.0, 41.0, 42.0, 43.0, 44.0, 45.0, 46.0]"
Uomo,Stringate,Stringata Derby GARY Abrasivato Blu,124.0,124.0,"['Blu', 'Nero']","[39.0, 40.0, 41.0, 42.0, 43.0, 44.0, 45.0, 46.0]"
Uomo,Stringate,Stringata Derby GARY Abrasivato Nero,124.0,124.0,"['Nero', 'Blu']","[39.0, 40.0, 41.0, 42.0, 43.0, 44.0, 45.0, 46.0]"
Uomo,Stringate,Stringata Oxford GERARD Abrasivato Nero,104.9,104.9,"['Nero', 'Blu', 'Bordeaux']","[39.0, 40.0, 41.0, 42.0, 43.0, 44.0, 45.0, 46.0]"
Uomo,Stringate,Stringata Oxford GERARD Abrasivato Blu,104.9,104.9,"['Blu', 'Nero', 'Bordeaux']","[39.0, 40.0, 41.0, 42.0, 43.0, 44.0, 45.0, 46.0]"
Uomo,Stringate,Stringata Oxford GERARD Abrasivato Bordeaux,104.9,104.9,"['Bordeaux', 'Nero', 'Blu']","[39.0, 40.0, 41.0, 42.0, 43.0, 44.0, 45.0, 46.0]"
Uomo,Stringate,Stringata Oxford JOSEPH Vernice Nero,114.9,114.9,['Nero'],"[39.0, 40.0, 41.0, 42.0, 43.0, 44.0, 45.0, 46.0]"
Uomo,Stringate,Stringata Oxford Goodyear Welted 1.010 Abrasivato Nero,179.9,179.9,"['Nero', 'Bordeaux']","[39.0, 40.0, 41.0, 42.0, 43.0, 44.0, 45.0, 46.0]"
Uomo,Stringate,Stringata Oxford Goodyear Welted 6.020 Abrasivato Nero,159.9,159.9,['Nero'],"[39.0, 40.0, 41.0, 42.0, 43.0, 44.0, 45.0, 46.0]"
Uomo,Stringate,Stringata Oxford Goodyear Welted 1.010 Abrasivato Bordeaux,179.9,179.9,"['Bordeaux', 'Nero']","[39.0, 40.0, 41.0, 42.0, 43.0, 44.0, 45.0, 46.0]"
Uomo,Stringate,Stringata Derby CHESTER Cuoio,124.0,124.0,['Cuoio'],"[39.0, 40.0, 41.0, 42.0, 43.0, 44.0, 45.0, 46.0]"
Uomo,Stringate,Stringata Derby Brogue MEL Nero,89.9,89.9,['Nero'],"[39.0, 40.0, 41.0, 42.0, 43.0, 44.0, 45.0, 46.0]"
Uomo,Stringate,Stringata Oxford Brogue MANUEL Nabuck Blu,99.9,99.9,"['Blu', 'Blu', 'Tortora', 'Blu']","[39.0, 40.0, 41.0, 42.0, 43.0, 44.0, 45.0, 46.0]"
Uomo,Stringate,Stringata Oxford Brogue MANUEL Bordeaux Blu,99.9,99.9,"['Blu', 'Blu', 'Tortora', 'Blu']","[39.0, 40.0, 41.0, 42.0, 43.0, 44.0, 45.0, 46.0]"
Uomo,Stringate,Stringata Oxford Brogue MANUEL Nabuck Tortora,99.9,99.9,"['Tortora', 'Blu', 'Blu', 'Blu']","[39.0, 40.0, 41.0, 42.0, 43.0, 44.0, 45.0, 46.0]"
Uomo,Stringate,Stringata Oxford Brogue MANUEL Marrone Blu,99.9,99.9,"['Blu', 'Blu', 'Blu', 'Tortora']","[39.0, 40.0, 41.0, 42.0, 43.0, 44.0, 45.0, 46.0]"
Uomo,Stringate,Stringata Oxford Brogue DAMIAN Beige Blu,80.0,104.9,['Beige'],"[39.0, 40.0, 41.0, 42.0, 43.0, 44.0, 45.0, 46.0]"
Uomo,Stringate,Stringata Oxford Brogue HUGO Nabuk Beige,60.0,89.9,['Beige'],"[39.0, 40.0, 41.0, 42.0, 43.0, 44.0, 45.0, 46.0]"
